"id_study","country","year","fu","follow_up_of","with_refreshers","according_to_natmed","according_to_bmi_whtr_htn","notes"
"AFG_2011_MICS4","Afghanistan",2011,,,,,,
"AFG_2013_NNS","Afghanistan",2013,,,,,,
"AFG_2013_STEPSjalalabad","Afghanistan",2013,,,,,,
"AFG_2015_STEPSherat","Afghanistan",2015,,,,,,
"AFG_2015_STEPSkabul","Afghanistan",2015,,,,,,
"AFG_2015_STEPSkandahar","Afghanistan",2015,,,,,,
"AFG_2015_STEPSmazar","Afghanistan",2015,,,,,,
"AFG_2018_STEPS","Afghanistan",2018,"nonFU",,,,"nonFU",
"AGO_2014_BENGO","Angola",2014,"nonFU",,,,"nonFU",
"ALB_2001_8008008","Albania",2001,,,,,,
"ALB_2009_DHS","Albania",2009,,,,,,
"ALB_2013_COSI3","Albania",2013,,,,,,
"ALB_2014_BASIC","Albania",2014,,,,,,
"ALB_2016_COSI4","Albania",2016,,,,,,
"ALB_2018_DHS","Albania",2018,"nonFU",,,,"nonFU",
"ALB_2022_COSI6","Albania",2022,,,,,,
"ALB_2023_EUFITMOS","Albania",2023,,,,,,
"AND_2005_ENA","Andorra",2005,,,,,,
"ARE_1990_15784100","United Arab Emirates",1990,,,,,,
"ARE_2000_ENDCAD","United Arab Emirates",2000,,,,,,
"ARE_2001_15784034","United Arab Emirates",2001,,,,,,
"ARE_2005_GSHS","United Arab Emirates",2005,,,,,,
"ARE_2009_WHS","United Arab Emirates",2009,"nonFU",,,,"nonFU",
"ARE_2010_GSHS","United Arab Emirates",2010,,,,,,
"ARE_2016_GSHS","United Arab Emirates",2016,,,,,,
"ARE_2018_STEPS","United Arab Emirates",2018,"nonFU",,,,"nonFU",
"ARG_1983_13032015","Argentina",1983,,,,,,
"ARG_1985_INTERSALT","Argentina",1985,,,,,,
"ARG_1997_13032002","Argentina",1997,,,,,,
"ARG_2003_13032035","Argentina",2003,,,,,,
"ARG_2005_CARMELA","Argentina",2005,,,,,,
"ARG_2005_ENNyS","Argentina",2005,"nonFU",,,,"nonFU",
"ARG_2006_13032034","Argentina",2006,,,,,,
"ARG_2010_VELA","Argentina",2010,,,,,,
"ARG_2011_EANCABA","Argentina",2011,,,,,,
"ARG_2012_CESCAS","Argentina",2012,"nonFU",,,,"nonFU",
"ARG_2012_GSHS","Argentina",2012,,,,,,
"ARG_2013_EANRosario","Argentina",2013,"nonFU",,,,"nonFU",
"ARG_2015_ELANS","Argentina",2015,"nonFU",,,,"nonFU",
"ARG_2018_ENFR","Argentina",2018,"nonFU",,,,"nonFU",
"ARG_2019_ENNyS2","Argentina",2019,,,,,,
"ARM_1998_citBranca","Armenia",1998,,,,,,
"ARM_2000_DHS","Armenia",2000,,,,,,
"ARM_2005_DHS","Armenia",2005,,,,,,
"ARM_2016_DHS","Armenia",2016,,,,,,
"ARM_2016_STEPS","Armenia",2016,"nonFU",,,,"nonFU",
"ARM_2019_COSI5","Armenia",2019,,,,,,
"ASM_1977_citMcGARVEY","American Samoa",1977,,,,,,
"ASM_1990_citMcGARVEY","American Samoa",1990,,,,,,
"ASM_1992_citMcGARVEY","American Samoa",1992,,,,,,
"ASM_1994_citMcGARVEY","American Samoa",1994,"nonFU",,,,"nonFU",
"ASM_2004_STEPS","American Samoa",2004,"nonFU",,,,"nonFU",
"ATG_2009_GSHS","Antigua and Barbuda",2009,,,,,,
"AUS_1980_RFPS","Australia",1980,,,,,,
"AUS_1981_APCSC-Busselton","Australia",1981,,,,,,
"AUS_1983_MONICA-NEWa","Australia",1983,,,,,,
"AUS_1983_RFPS","Australia",1983,,,,,,
"AUS_1985_ASHFS","Australia",1985,,,,,,
"AUS_1989_DSAE","Australia",1989,,,,,,
"AUS_1989_MONICA-NEWa","Australia",1989,,,,,,
"AUS_1989_MONICA-NEWa-Y","Australia",1989,,,,,,
"AUS_1989_RFPS","Australia",1989,,,,,,
"AUS_1992_APCSC-ALSA","Australia",1992,,,,,,
"AUS_1994_MONICA-NEWa","Australia",1994,,,,,,
"AUS_1994_MONICA-PER2","Australia",1994,,,,,,
"AUS_1994_MONICA-PER3","Australia",1994,,,,,,
"AUS_1995_NNS","Australia",1995,,,,,,
"AUS_1996_Nepean","Australia",1996,,,,,,
"AUS_1997_APCSC-AAASP","Australia",1997,,,,,,
"AUS_1997_NSWSFPAS","Australia",1997,,,,,,
"AUS_1997_SASFPAS","Australia",1997,,,,,,
"AUS_2000_6036021","Australia",2000,,,,,,
"AUS_2000_AusDiab","Australia",2000,"nonFU",,"nonFU","nonFU","nonFU",
"AUS_2001_NWAHS","Australia",2001,"nonFU",,"nonFU","nonFU",,
"AUS_2004_LSAC-K","Australia",2004,,,,,,
"AUS_2004_Nepean","Australia",2004,,,,,,
"AUS_2004_SPANS","Australia",2004,,,,,,
"AUS_2005_6036045","Australia",2005,,,,,,
"AUS_2005_AusDiab","Australia",2005,"FU","AUS_2000_AusDiab","No","FU","FU",
"AUS_2005_NWAHS","Australia",2005,"FU","AUS_2001_NWAHS","No","FU",,
"AUS_2006_LSAC-K","Australia",2006,,,,,,
"AUS_2007_CAPI","Australia",2007,,,,,,
"AUS_2008_LSAC-B","Australia",2008,,,,,,
"AUS_2008_LSAC-K","Australia",2008,,,,,,
"AUS_2008_NHS","Australia",2008,,,,,,
"AUS_2009_NWAHS","Australia",2009,"FU","AUS_2005_NWAHS","No","FU",,
"AUS_2010_LSAC-B","Australia",2010,,,,,,
"AUS_2010_LSAC-K","Australia",2010,,,,,,
"AUS_2010_SPANS","Australia",2010,,,,,,
"AUS_2012_AHS","Australia",2012,,,,,,
"AUS_2012_AusDiab","Australia",2012,"FU","AUS_2005_AusDiab","No","FU","FU",
"AUS_2012_ISCOLE","Australia",2012,,,,,,
"AUS_2012_LSAC-B","Australia",2012,,,,,,
"AUS_2012_LSAC-K","Australia",2012,,,,,,
"AUS_2014_LSAC-B","Australia",2014,,,,,,
"AUS_2014_LSAC-K","Australia",2014,,,,,,
"AUS_2015_NHS","Australia",2015,,,,,,
"AUS_2015_SPANS","Australia",2015,,,,,,
"AUS_2016_LSAC-B","Australia",2016,,,,,,
"AUS_2016_LSAC-K","Australia",2016,,,,,,
"AUS_2018_LSAC-B","Australia",2018,,,,,,
"AUS_2018_LSAC-K","Australia",2018,,,,,,
"AUS_2018_NHS","Australia",2018,,,,,,
"AUT_1983_CON","Austria",1983,,,,,,
"AUT_1984_CON","Austria",1984,,,,,,
"AUT_1985_CON","Austria",1985,,,,,,
"AUT_1986_10040051","Austria",1986,,,,,,
"AUT_1986_CON","Austria",1986,,,,,,
"AUT_1987_CON","Austria",1987,,,,,,
"AUT_1988_CON","Austria",1988,,,,,,
"AUT_1989_CON","Austria",1989,,,,,,
"AUT_1990_CON","Austria",1990,,,,,,
"AUT_1991_CINDI","Austria",1991,,,,,,
"AUT_1991_CON","Austria",1991,,,,,,
"AUT_1992_CON","Austria",1992,,,,,,
"AUT_1992_VHMPP","Austria",1992,,,,,,
"AUT_1993_CON","Austria",1993,,,,,,
"AUT_1994_CON","Austria",1994,,,,,,
"AUT_1995_CON","Austria",1995,,,,,,
"AUT_1996_CON","Austria",1996,,,,,,
"AUT_1997_CON","Austria",1997,,,,,,
"AUT_1998_CON","Austria",1998,,,,,,
"AUT_1998_VHMPP","Austria",1998,,,,,,
"AUT_1999_CINDI","Austria",1999,,,,,,
"AUT_1999_CON","Austria",1999,,,,,,
"AUT_2000_CON","Austria",2000,,,,,,
"AUT_2001_CON","Austria",2001,,,,,,
"AUT_2002_CON","Austria",2002,,,,,,
"AUT_2003_CON","Austria",2003,,,,,,
"AUT_2004_CON","Austria",2004,,,,,,
"AUT_2004_VHMPP","Austria",2004,,,,,,
"AUT_2005_CON","Austria",2005,,,,,,
"AUT_2005_VHMPP","Austria",2005,,,,,,
"AUT_2006_CON","Austria",2006,,,,,,
"AUT_2007_CON","Austria",2007,,,,,,
"AUT_2007_HELENA","Austria",2007,,,,,,
"AUT_2008_CON","Austria",2008,,,,,,
"AUT_2009_CON","Austria",2009,,,,,,
"AUT_2009_VHMPP","Austria",2009,,,,,,
"AUT_2010_CON","Austria",2010,,,,,,
"AUT_2010_citMayer","Austria",2010,,,,,,
"AUT_2011_ASNS","Austria",2011,"nonFU",,"nonFU","nonFU","nonFU",
"AUT_2011_CON","Austria",2011,,,,,,
"AUT_2012_CON","Austria",2012,,,,,,
"AUT_2012_UA","Austria",2012,,,,,,
"AUT_2013_CON","Austria",2013,,,,,,
"AUT_2013_VHMPP","Austria",2013,,,,,,
"AUT_2014_CON","Austria",2014,,,,,,
"AUT_2014_MPpreschool","Austria",2014,,,,,,
"AUT_2015_ASN","Austria",2015,"nonFU",,,,"nonFU",
"AUT_2015_CON","Austria",2015,,,,,,
"AUT_2015_RFMP","Austria",2015,,,,,,
"AUT_2016_CON","Austria",2016,,,,,,
"AUT_2016_COSI4","Austria",2016,,,,,,
"AUT_2016_EVA","Austria",2016,,,,,,
"AUT_2016_VHMPP","Austria",2016,,,,,,
"AUT_2017_CON","Austria",2017,,,,,,
"AUT_2018_CON","Austria",2018,,,,,,
"AUT_2019_AUTFIT","Austria",2019,,,,,,
"AUT_2019_CON","Austria",2019,,,,,,
"AUT_2019_COSI5","Austria",2019,,,,,,
"AUT_2020_AUTFITJune","Austria",2020,,,,,,
"AUT_2020_AUTFITsept","Austria",2020,,,,,,
"AUT_2020_CON","Austria",2020,,,,,,
"AUT_2021_AUTFIT","Austria",2021,,,,,,
"AUT_2021_CON","Austria",2021,,,,,,
"AUT_2022_COSI6","Austria",2022,,,,,,
"AUT_2022_EVA4YOU","Austria",2022,,,,,,
"AZE_1996_HNS","Azerbaijan",1996,,,,,,
"AZE_2001_RHS","Azerbaijan",2001,,,,,,
"AZE_2006_DHS","Azerbaijan",2006,,,,,,
"AZE_2013_AzNS","Azerbaijan",2013,,,,,,
"AZE_2017_STEPS","Azerbaijan",2017,"nonFU",,,,"nonFU",
"AZE_2022_COSI6","Azerbaijan",2022,,,,,,
"BDI_2010_DHS","Burundi",2010,,,,,,
"BDI_2017_DHS","Burundi",2017,,,,,,
"BEL_1984_MONICA-LUXa","Belgium",1984,,,,,,
"BEL_1985_BIRNH","Belgium",1985,,,,,,
"BEL_1986_INTERSALT-Charleroi","Belgium",1986,,,,,,
"BEL_1986_INTERSALT-Ghent","Belgium",1986,,,,,,
"BEL_1986_MONICA-CHAa","Belgium",1986,,,,,,
"BEL_1986_MONICA-GHEa","Belgium",1986,,,,,,
"BEL_1988_FLEMENGHO","Belgium",1988,,,,,,
"BEL_1989_MONICA-CHAa","Belgium",1989,,,,,,
"BEL_1989_MONICA-GHEa","Belgium",1989,,,,,,
"BEL_1991_MONICA-CHAa","Belgium",1991,,,,,,
"BEL_1991_MONICA-GHEa","Belgium",1991,,,,,,
"BEL_1992_FLEMENGHO","Belgium",1992,"nonFU",,,,"nonFU",
"BEL_1993_FLEMENGHO","Belgium",1993,,,,,,
"BEL_1995_BIRNH-E","Belgium",1995,,,,,,
"BEL_1997_FLEMENGHO","Belgium",1997,,,,,,
"BEL_1998_FLEMENGHO","Belgium",1998,,,,,,
"BEL_1999_FLEMENGHO","Belgium",1999,,,,,,
"BEL_2000_FLEMENGHO","Belgium",2000,,,,,,
"BEL_2001_FLEMENGHO","Belgium",2001,,,,,,
"BEL_2002_FLEMENGHO","Belgium",2002,,,,,,
"BEL_2003_10056123","Belgium",2003,,,,,,
"BEL_2003_EMAS","Belgium",2003,"nonFU",,,,"nonFU",
"BEL_2004_FLEMENGHO","Belgium",2004,,,,,,
"BEL_2007_FLEMENGHO","Belgium",2007,"FU","No","No",,"FU",
"BEL_2007_FLEMENGHO2","Belgium",2007,,,,,,
"BEL_2007_HELENA","Belgium",2007,,,,,,
"BEL_2008_COSI1","Belgium",2008,,,,,,
"BEL_2008_EMAS","Belgium",2008,"FU","No","No",,"FU",
"BEL_2009_IDEFICS","Belgium",2009,,,,,,
"BEL_2010_COSI2","Belgium",2010,,,,,,
"BEL_2010_ENERGY","Belgium",2010,,,,,,
"BEL_2011_FLEMENGHO","Belgium",2011,"FU","No","No",,"FU",
"BEL_2013_COSI3","Belgium",2013,,,,,,
"BEL_2013_FLEMENGHO","Belgium",2013,"FU","No","No",,"FU",
"BEL_2015_FCS","Belgium",2015,"nonFU",,,,"nonFU",
"BEL_2018_EHES","Belgium",2018,"nonFU",,"nonFU","nonFU","nonFU",
"BEL_2021_OUTSIDEIN","Belgium",2021,,,,,,
"BEL_2022_OUTSIDEINfall","Belgium",2022,,,,,,
"BEL_2022_OUTSIDEINspring","Belgium",2022,,,,,,
"BEN_1996_DHS","Benin",1996,,,,,,
"BEN_2001_DHS","Benin",2001,,,,,,
"BEN_2006_DHS","Benin",2006,,,,,,
"BEN_2007_STEPS","Benin",2007,"nonFU",,,,"nonFU",
"BEN_2008_AGVSAN","Benin",2008,,,,,,
"BEN_2008_STEPS","Benin",2008,"nonFU",,,,"nonFU",
"BEN_2012_DHS","Benin",2012,,,,,,
"BEN_2015_STEPS","Benin",2015,"nonFU",,,,"nonFU",
"BEN_2018_DHS","Benin",2018,,,,,,
"BFA_1993_DHS","Burkina Faso",1993,,,,,,
"BFA_1999_DHS","Burkina Faso",1999,,,,,,
"BFA_2002_VASN","Burkina Faso",2002,,,,,,
"BFA_2003_DHS","Burkina Faso",2003,,,,,,
"BFA_2004_21854030","Burkina Faso",2004,,,,,,
"BFA_2010_DHS","Burkina Faso",2010,,,,,,
"BFA_2013_STEPS","Burkina Faso",2013,"nonFU",,,,"nonFU",
"BFA_2017_ARISENo","Burkina Faso",2017,,,,,,
"BFA_2021_DHS","Burkina Faso",2021,,,,,,
"BFA_2021_STEPS","Burkina Faso",2021,"nonFU",,,,"nonFU",
"BGD_1992_4050013","Bangladesh",1992,,,,,,
"BGD_1997_DHS","Bangladesh",1997,,,,,,
"BGD_1998_4050035","Bangladesh",1998,,,,,,
"BGD_2000_4050061","Bangladesh",2000,,,,,,
"BGD_2000_DHS","Bangladesh",2000,,,,,,
"BGD_2002_STEPSrural","Bangladesh",2002,"nonFU",,,,"nonFU",
"BGD_2002_STEPSurban","Bangladesh",2002,"nonFU",,,,"nonFU",
"BGD_2003_NSP","Bangladesh",2003,,,,,,
"BGD_2004_DHS","Bangladesh",2004,,,,,,
"BGD_2006_UHS","Bangladesh",2006,,,,,,
"BGD_2007_DHS","Bangladesh",2007,,,,,,
"BGD_2010_STEPS","Bangladesh",2010,"nonFU",,,,"nonFU",
"BGD_2011_DHS","Bangladesh",2011,,,,,,
"BGD_2012_CDRF","Bangladesh",2012,"nonFU",,,,"nonFU",
"BGD_2013_STEPS","Bangladesh",2013,"nonFU",,,,"nonFU",
"BGD_2014_DHS","Bangladesh",2014,,,,,,
"BGD_2015_BRAC","Bangladesh",2015,,,,,,
"BGD_2016_DMagic","Bangladesh",2016,"nonFU",,,,"nonFU",
"BGD_2018_DHS","Bangladesh",2018,,,,,,
"BGD_2018_STEPS","Bangladesh",2018,"nonFU",,,,"nonFU",
"BGD_2019_BAHWS","Bangladesh",2019,,,,,,
"BGD_2019_NNS","Bangladesh",2019,"nonFU",,,,"nonFU",
"BGD_2022_DHS","Bangladesh",2022,,,,,,
"BGD_2022_STEPS","Bangladesh",2022,,"No",,,,
"BGR_1986_SGA","Bulgaria",1986,,,,,,
"BGR_1987_SGA","Bulgaria",1987,,,,,,
"BGR_1988_SGA","Bulgaria",1988,,,,,,
"BGR_1989_SGA","Bulgaria",1989,,,,,,
"BGR_1990_SGA","Bulgaria",1990,,,,,,
"BGR_1991_SGA","Bulgaria",1991,,,,,,
"BGR_1992_SGA","Bulgaria",1992,,,,,,
"BGR_1993_ACDGDC","Bulgaria",1993,,,,,,
"BGR_1993_SGA","Bulgaria",1993,,,,,,
"BGR_1994_ACDGDC","Bulgaria",1994,,,,,,
"BGR_1994_SGA","Bulgaria",1994,,,,,,
"BGR_1995_ACDGDC","Bulgaria",1995,,,,,,
"BGR_1995_SGA","Bulgaria",1995,,,,,,
"BGR_1996_ACDGDC","Bulgaria",1996,,,,,,
"BGR_1996_SGA","Bulgaria",1996,,,,,,
"BGR_1997_ACDGDC","Bulgaria",1997,,,,,,
"BGR_1997_SGA","Bulgaria",1997,,,,,,
"BGR_1998_ACDGDC","Bulgaria",1998,,,,,,
"BGR_1998_ACDGDC717","Bulgaria",1998,,,,,,
"BGR_1998_SGA","Bulgaria",1998,,,,,,
"BGR_1999_ACDGDC","Bulgaria",1999,,,,,,
"BGR_1999_SGA","Bulgaria",1999,,,,,,
"BGR_2004_NNS","Bulgaria",2004,,,,,,
"BGR_2004_NSFIN","Bulgaria",2004,,,,,,
"BGR_2005_ACGDCS","Bulgaria",2005,,,,,,
"BGR_2007_WCPCCA","Bulgaria",2007,,,,,,
"BGR_2008_COSI1","Bulgaria",2008,,,,,,
"BGR_2009_SCV","Bulgaria",2009,,,,,,
"BGR_2013_COSI3","Bulgaria",2013,,,,,,
"BGR_2014_BNMDI","Bulgaria",2014,"nonFU",,,,"nonFU",
"BGR_2016_COSI4","Bulgaria",2016,,,,,,
"BGR_2016_F4D","Bulgaria",2016,,,,,,
"BGR_2017_Erasmus","Bulgaria",2017,,,,,,
"BGR_2018_Erasmus","Bulgaria",2018,,,,,,
"BGR_2019_COSI5","Bulgaria",2019,,,,,,
"BGR_2020_NSRF","Bulgaria",2020,"nonFU",,,,"nonFU",
"BGR_2023_COSI6","Bulgaria",2023,,,,,,
"BHR_1992_15048052","Bahrain",1992,,,,,,
"BHR_1995_15048020","Bahrain",1995,,,,,,
"BHR_1999_NNS","Bahrain",1999,,,,,,
"BHR_2003_Gharib","Bahrain",2003,,,,,,
"BHR_2007_STEPS","Bahrain",2007,,,,,,
"BHR_2016_GSHS","Bahrain",2016,,,,,,
"BHS_2012_STEPS","Bahamas",2012,"nonFU",,,,"nonFU",
"BHS_2013_GSHS","Bahamas",2013,,,,,,
"BHS_2019_STEPS","Bahamas",2019,"nonFU",,,,"nonFU",
"BIH_2002_NCDRFS","Bosnia and Herzegovina",2002,"nonFU",,,,"nonFU",
"BIH_2012_NCDRFS_rural","Bosnia and Herzegovina",2012,,,,,,
"BIH_2012_NCDRFS_urban","Bosnia and Herzegovina",2012,,,,,,
"BIH_2019_SarajevoSchools","Bosnia and Herzegovina",2019,,,,,,
"BLR_2017_STEPS","Belarus",2017,"nonFU",,,,"nonFU",
"BLR_2020_STEPS","Belarus",2020,"nonFU",,,,"nonFU",
"BLZ_2006_CAMDI","Belize",2006,"nonFU",,,,"nonFU",
"BLZ_2011_GSHS","Belize",2011,,,,,,
"BLZ_2017_SRFCKD","Belize",2017,,,,,,
"BOL_1994_DHS","Bolivia",1994,,,,,,
"BOL_1998_DHS","Bolivia",1998,,,,,,
"BOL_2003_DHS","Bolivia",2003,,,,,,
"BOL_2006_citBayaBotti","Bolivia",2006,,,,,,
"BOL_2008_DHS","Bolivia",2008,,,,,,
"BOL_2016_EDSA","Bolivia",2016,,,,,,
"BOL_2019_STEPS","Bolivia",2019,"nonFU",,,,"nonFU",
"BRA_1989_PNSN","Brazil",1989,,,,,,
"BRA_1991_14076043","Brazil",1991,,,,,,
"BRA_1992_14076044","Brazil",1992,,,,,,
"BRA_1995_14076010","Brazil",1995,,,,,,
"BRA_1995_14076016","Brazil",1995,,,,,,
"BRA_1995_PBC82","Brazil",1995,,,,,,
"BRA_1996_DHS","Brazil",1996,,,,,,
"BRA_1996_PA","Brazil",1996,,,,,,
"BRA_1996_PPV","Brazil",1996,,,,,,
"BRA_1997_Bambui","Brazil",1997,"nonFU",,,,"nonFU",
"BRA_1997_PBC82","Brazil",1997,,,,,,
"BRA_1998_BHHS","Brazil",1998,,,,,,
"BRA_2000_PBC82","Brazil",2000,,,,,,
"BRA_2000_PNS","Brazil",2000,,,,,,
"BRA_2000_PROESP","Brazil",2000,,,,,,
"BRA_2000_SABE","Brazil",2000,"nonFU",,,,"nonFU",
"BRA_2000_riogrande","Brazil",2000,,,,,,
"BRA_2001_14076023","Brazil",2001,,,,,,
"BRA_2001_PBC82","Brazil",2001,,,,,,
"BRA_2001_PROESP","Brazil",2001,,,,,,
"BRA_2002_14076034","Brazil",2002,,,,,,
"BRA_2002_EPOCA","Brazil",2002,,,,,,
"BRA_2003_14076021","Brazil",2003,,,,,,
"BRA_2003_POF","Brazil",2003,,,,,,
"BRA_2003_PROESP","Brazil",2003,,,,,,
"BRA_2003_WHSB","Brazil",2003,,,,,,
"BRA_2004_CAJUVDG","Brazil",2004,"nonFU",,,,"nonFU",
"BRA_2004_PROESP","Brazil",2004,,,,,,
"BRA_2004_RibeiraPreto","Brazil",2004,"nonFU",,,,"nonFU",
"BRA_2004_SPAH","Brazil",2004,,,,,,
"BRA_2005_Criancas","Brazil",2005,,,,,,
"BRA_2005_HOB","Brazil",2005,"nonFU",,,,"nonFU",
"BRA_2005_PBC82","Brazil",2005,,,,,,
"BRA_2005_PBC93","Brazil",2005,,,,,,
"BRA_2005_PROESP","Brazil",2005,,,,,,
"BRA_2005_RibeiraPreto","Brazil",2005,,,,,,
"BRA_2005_SOFT","Brazil",2005,"nonFU",,,,"nonFU",
"BRA_2006_14076045","Brazil",2006,,,,,,
"BRA_2006_ATITUDE","Brazil",2006,,,,,,
"BRA_2006_OPS","Brazil",2006,,,,,,
"BRA_2006_PNDS","Brazil",2006,,,,,,
"BRA_2006_PROESP","Brazil",2006,,,,,,
"BRA_2006_SaoLuis","Brazil",2006,,,,,,
"BRA_2007_EPOCA","Brazil",2007,,,,,,
"BRA_2007_Medianeira","Brazil",2007,,,,,,
"BRA_2007_PROESP","Brazil",2007,,,,,,
"BRA_2007_SOFT_teen","Brazil",2007,,,,,,
"BRA_2007_cvriskadolescentsbrazil","Brazil",2007,,,,,,
"BRA_2008_Bambui","Brazil",2008,,,,,,
"BRA_2008_CAJUVDG","Brazil",2008,"nonFU",,,,"nonFU",
"BRA_2008_PBC93","Brazil",2008,,,,,,
"BRA_2008_PROESP","Brazil",2008,,,,,,
"BRA_2008_SCHSCS","Brazil",2008,,,,,,
"BRA_2008_citChristofaro","Brazil",2008,,,,,,
"BRA_2008_daycare","Brazil",2008,,,,,,
"BRA_2009_MetS","Brazil",2009,,,,,,
"BRA_2009_POF","Brazil",2009,,,,,,
"BRA_2009_PROESP","Brazil",2009,,,,,,
"BRA_2009_PeNSE","Brazil",2009,,,,,,
"BRA_2010_ELOS-Pre","Brazil",2010,,,,,,
"BRA_2010_EPIFLORIPA","Brazil",2010,"nonFU",,,,"nonFU",
"BRA_2010_EPIFLORIPA-ADULT","Brazil",2010,"nonFU",,,,"nonFU",
"BRA_2010_PROESP","Brazil",2010,,,,,,
"BRA_2010_SP","Brazil",2010,"nonFU",,,,"nonFU",
"BRA_2011_ATITUDE","Brazil",2011,,,,,,
"BRA_2011_PBC04","Brazil",2011,,,,,,
"BRA_2011_PROESP","Brazil",2011,,,,,,
"BRA_2011_pregadol","Brazil",2011,,,,,,
"BRA_2012_Colombo","Brazil",2012,,,,,,
"BRA_2012_ELOS-Pre","Brazil",2012,,,,,,
"BRA_2012_EPIFLORIPA-ADULT","Brazil",2012,"FU","No","No",,"FU",
"BRA_2012_ISCOLE","Brazil",2012,,,,,,
"BRA_2012_PBC93","Brazil",2012,,,,,,
"BRA_2012_PROESP","Brazil",2012,,,,,,
"BRA_2012_SCHSCS","Brazil",2012,,,,,,
"BRA_2013_BHS","Brazil",2013,"nonFU",,"nonFU","nonFU","nonFU",
"BRA_2013_EPOCA","Brazil",2013,,,,,,
"BRA_2013_PBC-30","Brazil",2013,,,,,,
"BRA_2013_PNS","Brazil",2013,"nonFU",,,,"nonFU",
"BRA_2013_PROESP","Brazil",2013,,,,,,
"BRA_2013_PrevLeptin","Brazil",2013,"nonFU",,,,"nonFU",
"BRA_2013_maceio","Brazil",2013,,,,,,
"BRA_2013_riogrande","Brazil",2013,"nonFU",,,,"nonFU",
"BRA_2014_BGPE","Brazil",2014,,,,,,
"BRA_2014_ELOS-Pre","Brazil",2014,,,,,,
"BRA_2014_EPIFLORIPA","Brazil",2014,"FU","No","No",,"FU",
"BRA_2014_PROESP","Brazil",2014,,,,,,
"BRA_2014_erica","Brazil",2014,,,,,,
"BRA_2015_Alagoas","Brazil",2015,"nonFU",,,,"nonFU",
"BRA_2015_ELANS","Brazil",2015,"nonFU",,,,"nonFU",
"BRA_2015_EPIFLORIPAADULT","Brazil",2015,"FU","BRA_2012_EPIFLORIPA-ADULT","No","nonFU","FU",
"BRA_2015_OPS","Brazil",2015,"nonFU",,,,"nonFU",
"BRA_2015_PBC04","Brazil",2015,,,,,,
"BRA_2015_PROESP","Brazil",2015,,,,,,
"BRA_2015_PeNSE","Brazil",2015,,,,,,
"BRA_2015_SCHSCS","Brazil",2015,,,,,,
"BRA_2016_ATITUDE","Brazil",2016,,,,,,
"BRA_2016_ELSI","Brazil",2016,"nonFU",,,,"nonFU",
"BRA_2016_PBC93","Brazil",2016,"nonFU",,,,"nonFU",
"BRA_2016_PROESP","Brazil",2016,,,,,,
"BRA_2017_EUGERON","Brazil",2017,"nonFU",,,,"nonFU",
"BRA_2017_HRE","Brazil",2017,"nonFU",,,,"nonFU",
"BRA_2017_PROESP","Brazil",2017,,,,,,
"BRA_2017_SACODE","Brazil",2017,,,,,,
"BRA_2017_SCHSCS","Brazil",2017,,,,,,
"BRA_2017_SPP","Brazil",2017,"nonFU",,,,"nonFU",
"BRA_2018_EPIFLORIPA","Brazil",2018,"FU","No","No",,"FU",
"BRA_2018_HLLC","Brazil",2018,,,,,,
"BRA_2018_PROESP","Brazil",2018,,,,,,
"BRA_2019_EPOCA","Brazil",2019,,,,,,
"BRA_2019_PBC04","Brazil",2019,,,,,,
"BRA_2019_PNS","Brazil",2019,,,,,,
"BRA_2019_PROESP","Brazil",2019,,,,,,
"BRA_2019_SAMPA","Brazil",2019,,,,,,
"BRA_2019_santoanastacio","Brazil",2019,"nonFU",,,,"nonFU",
"BRA_2020_PROESP","Brazil",2020,,,,,,
"BRA_2021_ATITUDE","Brazil",2021,,,,,,
"BRA_2021_OPS","Brazil",2021,,,,,,
"BRA_2021_PROESP","Brazil",2021,,,,,,
"BRA_2022_PBC04","Brazil",2022,,,,,,
"BRA_2022_PROESP","Brazil",2022,,,,,,
"BRA_2023_PROESP","Brazil",2023,,,,,,
"BRB_1990_BES","Barbados",1990,,,,,,
"BRB_1993_7052001","Barbados",1993,,,,,,
"BRB_2000_BISED II","Barbados",2000,,,,,,
"BRB_2000_SABE","Barbados",2000,"nonFU",,,,"nonFU",
"BRB_2011_GSHS","Barbados",2011,,,,,,
"BRB_2012_HotN","Barbados",2012,"nonFU",,"nonFU","nonFU","nonFU",
"BRN_2011_NHANSS","Brunei Darussalam",2011,"nonFU",,"nonFU","nonFU","nonFU",
"BRN_2014_GSHS","Brunei Darussalam",2014,,,,,,
"BRN_2016_NNCDS","Brunei Darussalam",2016,"nonFU",,,,"nonFU",
"BRN_2019_GSHS","Brunei Darussalam",2019,,,,,,
"BRN_2023_NNCDS","Brunei Darussalam",2023,,,,,,
"BTN_2007_STEPS","Bhutan",2007,"nonFU",,,,"nonFU",
"BTN_2014_STEPS","Bhutan",2014,"nonFU",,,,"nonFU",
"BTN_2019_STEPS","Bhutan",2019,"nonFU",,,,"nonFU",
"BWA_2007_FHS","Botswana",2007,,,,,,
"BWA_2007_STEPS","Botswana",2007,"nonFU",,,,"nonFU",
"BWA_2014_STEPS","Botswana",2014,"nonFU",,,,"nonFU",
"BWA_2017_BDS","Botswana",2017,,,,,,
"BWA_2024_STEPS","Botswana",2024,,"No",,,,
"CAF_1995_DHS","Central African Republic",1995,,,,,,
"CAF_2010_STEPS","Central African Republic",2010,"nonFU",,,,"nonFU",
"CAF_2012_EPIDEMICABangui","Central African Republic",2012,,,,,,
"CAF_2012_EPIDEMICANola","Central African Republic",2012,,,,,,
"CAF_2017_STEPS","Central African Republic",2017,,,,,,
"CAN_1981_CFS","Canada",1981,,,,,,
"CAN_1985_INTERSALT-StJohns","Canada",1985,,,,,,
"CAN_1987_MONICA-HALa","Canada",1987,,,,,,
"CAN_1989_CHHS","Canada",1989,,,,,,
"CAN_1992_16124023","Canada",1992,,,,,,
"CAN_1993_16124010","Canada",1993,,,,,,
"CAN_1995_MONICA-HALa","Canada",1995,,,,,,
"CAN_1996_16124023","Canada",1996,,,,,,
"CAN_1996_CaMos","Canada",1996,,,,,,
"CAN_1997_16124039","Canada",1997,,,,,,
"CAN_1999_CaMos","Canada",1999,,,,,,
"CAN_2002_CaMos","Canada",2002,,,,,,
"CAN_2005_16124026","Canada",2005,,,,,,
"CAN_2005_CaMosYouth","Canada",2005,,,,,,
"CAN_2007_CaMos","Canada",2007,,,,,,
"CAN_2007_CaMosYouth","Canada",2007,,,,,,
"CAN_2008_16124026","Canada",2008,,,,,,
"CAN_2008_CHMS","Canada",2008,,,,,,
"CAN_2010_CHMS","Canada",2010,,,,,,
"CAN_2012_ISCOLE","Canada",2012,,,,,,
"CAN_2013_CHMS","Canada",2013,,,,,,
"CAN_2013_CaMos","Canada",2013,,,,,,
"CAN_2015_CCHSNut","Canada",2015,,,,,,
"CAN_2015_CHMS","Canada",2015,,,,,,
"CAN_2017_CHMS","Canada",2017,,,,,,
"CAN_2019_CHMS","Canada",2019,,,,,,
"CHE_1985_MONICA","Switzerland",1985,,,,,,
"CHE_1989_MONICA","Switzerland",1989,,,,,,
"CHE_1993_MONICA","Switzerland",1993,,,,,,
"CHE_1995_BSS","Switzerland",1995,,,,,,
"CHE_1996_BSS","Switzerland",1996,,,,,,
"CHE_1997_BSS","Switzerland",1997,,,,,,
"CHE_1998_BSS","Switzerland",1998,,,,,,
"CHE_1999_BSS","Switzerland",1999,,,,,,
"CHE_2000_BSS","Switzerland",2000,,,,,,
"CHE_2001_BSS","Switzerland",2001,,,,,,
"CHE_2002_BSS","Switzerland",2002,,,,,,
"CHE_2002_PrOOC","Switzerland",2002,,,,,,
"CHE_2003_BSS","Switzerland",2003,,,,,,
"CHE_2004_BSS","Switzerland",2004,,,,,,
"CHE_2004_CON","Switzerland",2004,,,,,,
"CHE_2005_BSS","Switzerland",2005,,,,,,
"CHE_2005_CON","Switzerland",2005,,,,,,
"CHE_2005_CoLaus","Switzerland",2005,,,,,,
"CHE_2005_KISS","Switzerland",2005,,,,,,
"CHE_2006_BMS1","Switzerland",2006,,,,,,
"CHE_2006_BSS","Switzerland",2006,,,,,,
"CHE_2006_CON","Switzerland",2006,,,,,,
"CHE_2006_KISS","Switzerland",2006,,,,,,
"CHE_2006_citCHIOLERO","Switzerland",2006,,,,,,
"CHE_2007_BMS1","Switzerland",2007,,,,,,
"CHE_2007_BSS","Switzerland",2007,,,,,,
"CHE_2007_CON","Switzerland",2007,,,,,,
"CHE_2007_PrOOC","Switzerland",2007,,,,,,
"CHE_2008_BMS1","Switzerland",2008,,,,,,
"CHE_2008_BSS","Switzerland",2008,,,,,,
"CHE_2008_CON","Switzerland",2008,,,,,,
"CHE_2009_BMS1","Switzerland",2009,,,,,,
"CHE_2009_BMS2","Switzerland",2009,,,,,,
"CHE_2009_BSS","Switzerland",2009,,,,,,
"CHE_2009_CON","Switzerland",2009,,,,,,
"CHE_2009_KISS","Switzerland",2009,,,,,,
"CHE_2010_BMS1","Switzerland",2010,,,,,,
"CHE_2010_BSS","Switzerland",2010,,,,,,
"CHE_2010_CON","Switzerland",2010,,,,,,
"CHE_2010_ENERGY","Switzerland",2010,,,,,,
"CHE_2011_BMS1","Switzerland",2011,,,,,,
"CHE_2011_BSS","Switzerland",2011,,,,,,
"CHE_2011_CON","Switzerland",2011,,,,,,
"CHE_2011_CoLaus","Switzerland",2011,,,,,,
"CHE_2012_BMS1","Switzerland",2012,,,,,,
"CHE_2012_BMS2","Switzerland",2012,,,,,,
"CHE_2012_BSS","Switzerland",2012,,,,,,
"CHE_2012_CON","Switzerland",2012,,,,,,
"CHE_2012_PrOOC","Switzerland",2012,,,,,,
"CHE_2013_BMS1","Switzerland",2013,,,,,,
"CHE_2013_BSS","Switzerland",2013,,,,,,
"CHE_2013_CON","Switzerland",2013,,,,,,
"CHE_2014_BMS1","Switzerland",2014,,,,,,
"CHE_2014_BSS","Switzerland",2014,,,,,,
"CHE_2014_CON","Switzerland",2014,,,,,,
"CHE_2014_menuCH","Switzerland",2014,"nonFU",,,,"nonFU",
"CHE_2015_BMS1","Switzerland",2015,,,,,,
"CHE_2015_BMS2","Switzerland",2015,,,,,,
"CHE_2015_BSS","Switzerland",2015,,,,,,
"CHE_2015_CON","Switzerland",2015,,,,,,
"CHE_2016_BMS1","Switzerland",2016,,,,,,
"CHE_2016_BSS","Switzerland",2016,,,,,,
"CHE_2016_CON","Switzerland",2016,,,,,,
"CHE_2016_CoLaus","Switzerland",2016,,,,,,
"CHE_2017_BMS1","Switzerland",2017,,,,,,
"CHE_2017_BSS","Switzerland",2017,,,,,,
"CHE_2017_CON","Switzerland",2017,,,,,,
"CHE_2018_BMS1","Switzerland",2018,,,,,,
"CHE_2018_BSS","Switzerland",2018,,,,,,
"CHE_2018_CHildHNS","Switzerland",2018,,,,,,
"CHE_2018_CON","Switzerland",2018,,,,,,
"CHE_2019_BMS1","Switzerland",2019,,,,,,
"CHE_2019_BMS2","Switzerland",2019,,,,,,
"CHE_2019_BSS","Switzerland",2019,,,,,,
"CHE_2019_CON","Switzerland",2019,,,,,,
"CHE_2020_BMS1","Switzerland",2020,,,,,,
"CHE_2020_BSS","Switzerland",2020,,,,,,
"CHE_2020_CON","Switzerland",2020,,,,,,
"CHE_2020_CoLaus","Switzerland",2020,,,,,,
"CHE_2021_BMS1","Switzerland",2021,,,,,,
"CHE_2021_CON","Switzerland",2021,,,,,,
"CHE_2021_CoLausOff","Switzerland",2021,,,,,,
"CHE_2022_BMS1","Switzerland",2022,,,,,,
"CHE_2022_CON","Switzerland",2022,,,,,,
"CHL_1988_CHS","Chile",1988,,,,,,
"CHL_1989_13152001","Chile",1989,,,,,,
"CHL_1993_citMiquel","Chile",1993,"nonFU",,,,"nonFU",
"CHL_2000_SABE","Chile",2000,"nonFU",,,,"nonFU",
"CHL_2000_citNervi","Chile",2000,,,,,,
"CHL_2002_13152013","Chile",2002,,,,,,
"CHL_2003_ENS","Chile",2003,"nonFU",,,,"nonFU",
"CHL_2005_13152033","Chile",2005,,,,,,
"CHL_2005_CARMELA","Chile",2005,,,,,,
"CHL_2010_ENS","Chile",2010,"nonFU",,,,"nonFU",
"CHL_2010_FondecytColegios","Chile",2010,,,,,,
"CHL_2011_ENCA","Chile",2011,"nonFU",,,,"nonFU",
"CHL_2012_CESCAS","Chile",2012,"nonFU",,,,"nonFU",
"CHL_2013_GSHS","Chile",2013,,,,,,
"CHL_2015_ELANS","Chile",2015,"nonFU",,,,"nonFU",
"CHL_2016_ENS","Chile",2016,"nonFU",,,,"nonFU",
"CHL_2017_ELPI","Chile",2017,,,,,,
"CHN_1980_APCSC-EastBeijing1","China",1980,,,,,,
"CHN_1982_CNNS","China",1982,,,,,,
"CHN_1983_SinoMONICA-SH","China",1983,,,,,,
"CHN_1985_APCSC-Shatin","China",1985,,,,,,
"CHN_1985_CNSSCH","China",1985,,,,,,
"CHN_1985_SinoMONICA-BJ","China",1985,,,,,,
"CHN_1986_INTERSALT-Beijing","China",1986,,,,,,
"CHN_1986_INTERSALT-Nanning","China",1986,,,,,,
"CHN_1986_INTERSALT-Tianjin","China",1986,,,,,,
"CHN_1987_3156001","China",1987,,,,,,
"CHN_1988_3156002","China",1988,,,,,,
"CHN_1988_SinoMONICA-HB","China",1988,,,,,,
"CHN_1988_SinoMONICA-HLJ","China",1988,,,,,,
"CHN_1988_SinoMONICA-HN","China",1988,,,,,,
"CHN_1988_SinoMONICA-NM","China",1988,,,,,,
"CHN_1988_SinoMONICA-SC","China",1988,,,,,,
"CHN_1988_SinoMONICA-SD","China",1988,,,,,,
"CHN_1988_SinoMONICA-SH","China",1988,,,,,,
"CHN_1989_3156021","China",1989,,,,,,
"CHN_1989_APCSC-EastBeijing2","China",1989,,,,,,
"CHN_1989_CHNS","China",1989,,,,,,
"CHN_1989_SinoMONICA-BJ","China",1989,,,,,,
"CHN_1989_SinoMONICA-FJ","China",1989,,,,,,
"CHN_1989_SinoMONICA-JL","China",1989,,,,,,
"CHN_1989_SinoMONICA-JS","China",1989,,,,,,
"CHN_1989_SinoMONICA-JX","China",1989,,,,,,
"CHN_1989_SinoMONICA-LN","China",1989,,,,,,
"CHN_1991_3156012","China",1991,,,,,,
"CHN_1991_APCSC-HKOldOld","China",1991,,,,,,
"CHN_1991_CHEFS","China",1991,,,,,,
"CHN_1991_CHNS","China",1991,,,,,,
"CHN_1991_CPS","China",1991,,,,,,
"CHN_1991_SinoMONICA-SH","China",1991,,,,,,
"CHN_1992_APCSC-Anzhen02","China",1992,"nonFU",,,,"nonFU",
"CHN_1992_APCSC-Fangshan","China",1992,,,,,,
"CHN_1992_APCSC-Huashan","China",1992,,,,,,
"CHN_1992_CNNS","China",1992,,,,,,
"CHN_1992_SinoMONICA-SC","China",1992,,,,,,
"CHN_1993_CHNS","China",1993,"nonFU",,,,"nonFU",
"CHN_1993_SinoMONICA-AH","China",1993,,,,,,
"CHN_1993_SinoMONICA-BJ","China",1993,,,,,,
"CHN_1993_SinoMONICA-JS","China",1993,,,,,,
"CHN_1993_SinoMONICA-LN","China",1993,,,,,,
"CHN_1995_CNSSCH","China",1995,,,,,,
"CHN_1996_3156139","China",1996,,,,,,
"CHN_1996_3156164","China",1996,,,,,,
"CHN_1996_CRFPS","China",1996,"nonFU",,,,"nonFU",
"CHN_1997_CHNS","China",1997,,,,,,
"CHN_1997_INTERMAP-Beijing","China",1997,,,,,,
"CHN_1997_INTERMAP-Guangxi","China",1997,,,,,,
"CHN_1997_INTERMAP-Shanxi","China",1997,,,,,,
"CHN_1998_3156103","China",1998,,,,,,
"CHN_1998_SWHS","China",1998,,,,,,
"CHN_1999_3156065","China",1999,,,,,,
"CHN_1999_3156139","China",1999,,,,,,
"CHN_1999_3156162","China",1999,,,,,,
"CHN_2000_3156048","China",2000,,,,,,
"CHN_2000_3156092","China",2000,,,,,,
"CHN_2000_CHNS","China",2000,,,,,,
"CHN_2000_CNSSCH","China",2000,,,,,,
"CHN_2001_3156103","China",2001,,,,,,
"CHN_2001_InterASIA","China",2001,,,,,,
"CHN_2002_3156045","China",2002,,,,,,
"CHN_2002_CNNHS","China",2002,,,,,,
"CHN_2003_3156055","China",2003,,,,,,
"CHN_2004_3156123","China",2004,,,,,,
"CHN_2004_BCAMS","China",2004,,,,,,
"CHN_2004_CCDRFSrural","China",2004,,,,,,
"CHN_2004_CCDRFSurban","China",2004,,,,,,
"CHN_2004_CHNS","China",2004,"FU_w_refreshers","Yes","Yes",,"FU_w_refreshers",
"CHN_2004_SMHS","China",2004,,,,,,
"CHN_2005_3156108","China",2005,,,,,,
"CHN_2005_3156156","China",2005,,,,,,
"CHN_2005_CNSSCH","China",2005,,,,,,
"CHN_2005_SWHS","China",2005,,,,,,
"CHN_2005_XCAS","China",2005,,,,,,
"CHN_2006_3156158","China",2006,,,,,,
"CHN_2006_BES","China",2006,,,,,,
"CHN_2006_CHNS","China",2006,"FU_w_refreshers","Yes","Yes",,"FU_w_refreshers",
"CHN_2006_CKBrural","China",2006,"nonFU",,,,"nonFU",
"CHN_2006_CKBurban","China",2006,"nonFU",,,,"nonFU",
"CHN_2006_HKGS","China",2006,,,,,,
"CHN_2006_SMHS","China",2006,,,,,,
"CHN_2007_CCDRFSrural","China",2007,,,,,,
"CHN_2007_CCDRFSurban","China",2007,,,,,,
"CHN_2007_HES","China",2007,"nonFU",,,,"nonFU",
"CHN_2008_CHARLS","China",2008,"nonFU",,,,"nonFU",
"CHN_2008_CLHLS","China",2008,,,,,,
"CHN_2008_CNDMDS","China",2008,,,,,,
"CHN_2009_33CCHS","China",2009,"nonFU",,,,"nonFU",
"CHN_2009_CHNS","China",2009,"FU_w_refreshers","CHN_2006_CHNS","Yes","nonFU","FU_w_refreshers",
"CHN_2009_Fangshan","China",2009,,,,,,
"CHN_2009_NISCOC","China",2009,,,,,,
"CHN_2009_QDCS","China",2009,,,,,,
"CHN_2009_SAGE","China",2009,"nonFU",,,,"nonFU",
"CHN_2009_SWHS","China",2009,,,,,,
"CHN_2010_CCDRFSrural","China",2010,,,,,,
"CHN_2010_CCDRFSurban","China",2010,,,,,,
"CHN_2010_CKD","China",2010,,,,,,
"CHN_2010_CNSSCH","China",2010,,,,,,
"CHN_2010_FAMILY","China",2010,,,,,,
"CHN_2010_SMHS","China",2010,,,,,,
"CHN_2011_BCdES","China",2011,,,,,,
"CHN_2011_BCnES","China",2011,,,,,,
"CHN_2011_BES","China",2011,"nonFU",,,,"nonFU",
"CHN_2011_CHARLS","China",2011,"Baseline",,"nonFU","nonFU","FU",
"CHN_2011_CHNS","China",2011,"FU_w_refreshers","Yes","Yes",,"FU_w_refreshers",
"CHN_2012_BCnES","China",2012,,,,,,
"CHN_2012_BHSES","China",2012,,,,,,
"CHN_2012_CHARLS","China",2012,"FU_w_refreshers","Yes","Yes",,"FU_w_refreshers",
"CHN_2012_CLHLS","China",2012,,,,,,
"CHN_2012_CNNHS","China",2012,,,,,,
"CHN_2012_ISCOLE","China",2012,,,,,,
"CHN_2012_NFPHEP","China",2012,,,,,,
"CHN_2012_SCES_rural","China",2012,,,,,,
"CHN_2012_SCES_urban","China",2012,,,,,,
"CHN_2013_CCDRFSrural","China",2013,,,,,,
"CHN_2013_CCDRFSurban","China",2013,,,,,,
"CHN_2013_CHARLS","China",2013,"FU_w_refreshers","Yes","Yes",,"FU_w_refreshers",
"CHN_2013_ECS","China",2013,,,,,,
"CHN_2013_FAMILY","China",2013,"nonFU",,,,"nonFU",
"CHN_2013_KS","China",2013,,,,,,
"CHN_2013_SNEC","China",2013,,,,,,
"CHN_2014_CLHLS","China",2014,,,,,,
"CHN_2014_CNSSCH","China",2014,,,,,,
"CHN_2014_Jiangxi","China",2014,,,,,,
"CHN_2014_SMHS","China",2014,,,,,,
"CHN_2014_SMSS","China",2014,,,,,,
"CHN_2014_SWHS","China",2014,,,,,,
"CHN_2015_CACDNS","China",2015,,,,,,
"CHN_2015_CCDRFSrural","China",2015,,,,,,
"CHN_2015_CCDRFSurban","China",2015,,,,,,
"CHN_2015_CHARLS","China",2015,"FU_w_refreshers","Yes","Yes",,"FU_w_refreshers",
"CHN_2015_CHNS","China",2015,"FU_w_refreshers","Yes","Yes",,"FU_w_refreshers",
"CHN_2015_Children97","China",2015,,,,,,
"CHN_2015_KS","China",2015,,,,,,
"CHN_2016_GBSCMSrural","China",2016,,,,,,
"CHN_2016_GBSCMSurban","China",2016,,,,,,
"CHN_2016_Henan","China",2016,"nonFU",,,,"nonFU",
"CHN_2016_INTERMAPICP","China",2016,"nonFU",,,,"nonFU",
"CHN_2017_CNHSCW","China",2017,,,,,,
"CHN_2017_FAMILY","China",2017,"FU","No","No",,"FU",
"CHN_2017_HKSDU","China",2017,,,,,,
"CHN_2018_CCDRFSrural","China",2018,,,,,,
"CHN_2018_CCDRFSurban","China",2018,,,,,,
"CHN_2018_CHNS","China",2018,,,,,,
"CHN_2018_CLHLS","China",2018,,,,,,
"CHN_2018_Economicstatus","China",2018,,,,,,
"CHN_2019_CNSSCH","China",2019,,,,,,
"CHN_2023_WCAES","China",2023,,,,,,
"CIV_1986_CILSS","Cote d'Ivoire",1986,,,,,,
"CIV_1987_CILSS","Cote d'Ivoire",1987,,,,,,
"CIV_1988_CILSS","Cote d'Ivoire",1988,,,,,,
"CIV_1989_CILSS","Cote d'Ivoire",1989,,,,,,
"CIV_1994_DHS","Cote d'Ivoire",1994,,,,,,
"CIV_1999_DHS","Cote d'Ivoire",1999,,,,,,
"CIV_2005_STEPS_rural","Cote d'Ivoire",2005,"nonFU",,,,"nonFU",
"CIV_2005_STEPS_urban","Cote d'Ivoire",2005,"nonFU",,,,"nonFU",
"CIV_2012_DHS","Cote d'Ivoire",2012,,,,,,
"CIV_2014_obesityWA","Cote d'Ivoire",2014,"nonFU",,,,"nonFU",
"CIV_2016_MICS5","Cote d'Ivoire",2016,,,,,,
"CIV_2021_DHS","Cote d'Ivoire",2021,,,,,,
"CMR_1998_DHS","Cameroon",1998,,,,,,
"CMR_1999_ENHIP_rural","Cameroon",1999,"nonFU",,,,"nonFU",
"CMR_1999_ENHIP_urban","Cameroon",1999,"nonFU",,,,"nonFU",
"CMR_2003_STEPS","Cameroon",2003,"nonFU",,,,"nonFU",
"CMR_2004_DHS","Cameroon",2004,,,,,,
"CMR_2007_CAMBOD2","Cameroon",2007,"nonFU",,,,"nonFU",
"CMR_2009_NSMSCFF","Cameroon",2009,,,,,,
"CMR_2011_ANTRAC","Cameroon",2011,"nonFU",,,,"nonFU",
"CMR_2011_DHS","Cameroon",2011,,,,,,
"CMR_2013_CKDPalmiers","Cameroon",2013,,,,,,
"CMR_2014_CKDDschang","Cameroon",2014,"nonFU",,,,"nonFU",
"CMR_2015_FarNorth","Cameroon",2015,"nonFU",,,,"nonFU",
"CMR_2018_CKDNorth","Cameroon",2018,"nonFU",,,,"nonFU",
"CMR_2019_DHS","Cameroon",2019,,,,,,
"COD_2001_MICS2","DR Congo",2001,,,,,,
"COD_2005_STEPS","DR Congo",2005,"nonFU",,,,"nonFU",
"COD_2007_DHS","DR Congo",2007,,,,,,
"COD_2007_GluKisantu","DR Congo",2007,"nonFU",,,,"nonFU",
"COD_2008_Vitaraa","DR Congo",2008,,,,,,
"COD_2008_VitaraaK","DR Congo",2008,"nonFU",,,,"nonFU",
"COD_2012_EPIDEMICABrazzaville","DR Congo",2012,,,,,,
"COD_2012_EPIDEMICAGamboma","DR Congo",2012,,,,,,
"COD_2014_DHS","DR Congo",2014,,,,,,
"COD_2017_PRFCKD","DR Congo",2017,"nonFU",,,,"nonFU",
"COD_2017_citWakilong","DR Congo",2017,,,,,,
"COD_2019_Diabetesprev","DR Congo",2019,,"No",,,,
"COG_1986_Brazzaville","Congo",1986,,,,,,
"COG_1987_18178001","Congo",1987,,,,,,
"COG_1987_ENC","Congo",1987,,,,,,
"COG_1991_Brazzaville","Congo",1991,,,,,,
"COG_1996_Brazzaville","Congo",1996,,,,,,
"COG_2004_STEPS","Congo",2004,"nonFU",,,,"nonFU",
"COG_2005_DHS","Congo",2005,,,,,,
"COG_2012_DHS","Congo",2012,,,,,,
"COG_2019_Diabetesprev","Congo",2019,"nonFU",,,,"nonFU",
"COK_2003_STEPS","Cook Islands",2003,"nonFU",,,,"nonFU",
"COK_2011_GSHS","Cook Islands",2011,,,,,,
"COK_2014_STEPS","Cook Islands",2014,"nonFU",,,,"nonFU",
"COK_2015_GSHS","Cook Islands",2015,,,,,,
"COK_2022_STEPS","Cook Islands",2022,,"No",,,,
"COL_1986_INTERSALT","Colombia",1986,,,,,,
"COL_1995_DHS","Colombia",1995,,,,,,
"COL_1997_IFRECNTEC","Colombia",1997,,,,,,
"COL_2000_DHS","Colombia",2000,,,,,,
"COL_2001_12170038","Colombia",2001,,,,,,
"COL_2002_12170040","Colombia",2002,,,,,,
"COL_2002_santafe","Colombia",2002,"nonFU",,,,"nonFU",
"COL_2002_tunjuelito","Colombia",2002,"nonFU",,,,"nonFU",
"COL_2005_CARMELA","Colombia",2005,,,,,,
"COL_2005_DHS","Colombia",2005,,,,,,
"COL_2005_ENSIN","Colombia",2005,,,,,,
"COL_2007_ENS","Colombia",2007,,,,,,
"COL_2010_DHS","Colombia",2010,,,,,,
"COL_2010_STEPS","Colombia",2010,"nonFU",,,,"nonFU",
"COL_2012_ISCOLE","Colombia",2012,,,,,,
"COL_2015_ELANS","Colombia",2015,"nonFU",,,,"nonFU",
"COL_2015_ENSIN","Colombia",2015,"nonFU",,,,"nonFU",
"COL_2015_STEPS","Colombia",2015,"nonFU",,,,"nonFU",
"COL_2016_SABE","Colombia",2016,"nonFU",,,,"nonFU",
"COL_2018_COPEN","Colombia",2018,"nonFU",,,,"nonFU",
"COL_2022_COPEN","Colombia",2022,"nonFU",,,,"nonFU",
"COM_1996_DHS","Comoros",1996,,,,,,
"COM_2011_STEPS","Comoros",2011,"nonFU",,,,"nonFU",
"COM_2012_DHS","Comoros",2012,,,,,,
"CPV_2007_STEPS","Cabo Verde",2007,"nonFU",,,,"nonFU",
"CPV_2020_STEPS","Cabo Verde",2020,"nonFU",,,,"nonFU",
"CRI_2004_CAMDI","Costa Rica",2004,"nonFU",,,,"nonFU",
"CRI_2005_CRELES","Costa Rica",2005,"nonFU",,"nonFU","nonFU","nonFU",
"CRI_2007_CRELES","Costa Rica",2007,"FU","CRI_2005_CRELES","No","FU","FU",
"CRI_2009_CRELES","Costa Rica",2009,"FU","No","No",,"FU",
"CRI_2009_ENN","Costa Rica",2009,,,,,,
"CRI_2009_GSHS","Costa Rica",2009,,,,,,
"CRI_2010_CRFS","Costa Rica",2010,"nonFU",,,,"nonFU",
"CRI_2011_CRELES","Costa Rica",2011,"nonFU",,,,"nonFU",
"CRI_2013_CRELES","Costa Rica",2013,"FU","No","No",,"FU",
"CRI_2014_CRFS","Costa Rica",2014,"nonFU",,,,"nonFU",
"CRI_2015_ELANS","Costa Rica",2015,"nonFU",,,,"nonFU",
"CRI_2016_CEPT","Costa Rica",2016,,,,,,
"CUB_1982_7192022","Cuba",1982,,,,,,
"CUB_1991_cienfuegos","Cuba",1991,"nonFU",,,,"nonFU",
"CUB_2000_SABE","Cuba",2000,"nonFU",,,,"nonFU",
"CUB_2001_Cienfuegos","Cuba",2001,"nonFU",,,,"nonFU",
"CUB_2001_NSRFCD","Cuba",2001,"nonFU",,,,"nonFU",
"CUB_2010_NSRFCD","Cuba",2010,"nonFU",,,,"nonFU",
"CUB_2011_Cienfuegos","Cuba",2011,"nonFU",,,,"nonFU",
"CUB_2019_ENS","Cuba",2019,,,,,,
"CYP_2000_CINDI","Cyprus",2000,,,,,,
"CYP_2008_ASC","Cyprus",2008,,,,,,
"CYP_2008_IPE","Cyprus",2008,,,,,,
"CYP_2009_IDEFICS","Cyprus",2009,,,,,,
"CYP_2016_COSI4","Cyprus",2016,,,,,,
"CYP_2019_COSI5","Cyprus",2019,,,,,,
"CYP_2022_COSI6","Cyprus",2022,,,,,,
"CZE_1985_MONICA","Czechia",1985,,,,,,
"CZE_1988_MONICA","Czechia",1988,,,,,,
"CZE_1992_MONICA","Czechia",1992,"nonFU",,,,"nonFU",
"CZE_1998_postMONICA","Czechia",1998,"nonFU",,,,"nonFU",
"CZE_2000_ELSPAC","Czechia",2000,,,,,,
"CZE_2000_HELEN","Czechia",2000,"nonFU",,,,"nonFU",
"CZE_2001_6NASCA","Czechia",2001,,,,,,
"CZE_2001_postMONICA","Czechia",2001,"nonFU",,,,"nonFU",
"CZE_2003_ELSPAC","Czechia",2003,,,,,,
"CZE_2004_HAPIEE","Czechia",2004,"nonFU",,"nonFU","nonFU","nonFU",
"CZE_2005_ELSPAC","Czechia",2005,,,,,,
"CZE_2005_HELEN","Czechia",2005,"nonFU",,,,"nonFU",
"CZE_2007_ELSPAC","Czechia",2007,,,,,,
"CZE_2008_COSI1","Czechia",2008,,,,,,
"CZE_2008_postMONICA","Czechia",2008,"nonFU",,,,"nonFU",
"CZE_2009_HELEN","Czechia",2009,"nonFU",,,,"nonFU",
"CZE_2010_COSI2","Czechia",2010,,,,,,
"CZE_2010_ELSPAC","Czechia",2010,,,,,,
"CZE_2011_ELSPAC","Czechia",2011,,,,,,
"CZE_2013_COSI3","Czechia",2013,,,,,,
"CZE_2015_EHES","Czechia",2015,"nonFU",,,,"nonFU",
"CZE_2016_COSI4","Czechia",2016,,,,,,
"CZE_2017_MONICA","Czechia",2017,"nonFU",,"nonFU","nonFU","nonFU",
"CZE_2020_COSI5","Czechia",2020,,,,,,
"CZE_2020_EHES","Czechia",2020,"nonFU",,,,"nonFU",
"CZE_2021_ELSPAC","Czechia",2021,"nonFU",,,,"nonFU",
"CZE_2023_COSI6","Czechia",2023,,,,,,
"DEU_1982_MONICA-ERF","Germany",1982,,,,,,
"DEU_1983_MONICA-CHM","Germany",1983,,,,,,
"DEU_1983_MONICA-ZWK","Germany",1983,,,,,,
"DEU_1984_GCP","Germany",1984,,,,,,
"DEU_1984_MONICA-BERa","Germany",1984,,,,,,
"DEU_1984_MONICA-BRE1","Germany",1984,,,,,,
"DEU_1984_MONICA-HACa","Germany",1984,,,,,,
"DEU_1984_MONICA-KMS","Germany",1984,,,,,,
"DEU_1984_MONICA-RDM","Germany",1984,,,,,,
"DEU_1984_conscripts","Germany",1984,,,,,,
"DEU_1985_INTERSALT-Cottbus","Germany",1985,,,,,,
"DEU_1985_INTERSALT-Heidelberg","Germany",1985,,,,,,
"DEU_1985_MONICA-AUG","Germany",1985,,,,,,
"DEU_1985_MONICA-COTa","Germany",1985,,,,,,
"DEU_1985_MONICA-RHNa","Germany",1985,,,,,,
"DEU_1985_conscripts","Germany",1985,,,,,,
"DEU_1986_10276005","Germany",1986,,,,,,
"DEU_1986_INTERSALT-Bernried","Germany",1986,,,,,,
"DEU_1986_conscripts","Germany",1986,,,,,,
"DEU_1987_MONICA-ERF","Germany",1987,,,,,,
"DEU_1987_conscripts","Germany",1987,,,,,,
"DEU_1988_GCP","Germany",1988,,,,,,
"DEU_1988_MONICA-BERa","Germany",1988,,,,,,
"DEU_1988_MONICA-BRE1","Germany",1988,,,,,,
"DEU_1988_MONICA-BRE2","Germany",1988,,,,,,
"DEU_1988_MONICA-CHM","Germany",1988,,,,,,
"DEU_1988_MONICA-ZWK","Germany",1988,,,,,,
"DEU_1988_conscripts","Germany",1988,,,,,,
"DEU_1989_10276006","Germany",1989,,,,,,
"DEU_1989_MONICA-COTa","Germany",1989,,,,,,
"DEU_1989_MONICA-HACa","Germany",1989,,,,,,
"DEU_1989_MONICA-KMS","Germany",1989,,,,,,
"DEU_1989_conscripts","Germany",1989,,,,,,
"DEU_1990_MONICA-AUG","Germany",1990,,,,,,
"DEU_1990_conscripts","Germany",1990,,,,,,
"DEU_1991_10276132","Germany",1991,,,,,,
"DEU_1991_10276133","Germany",1991,,,,,,
"DEU_1991_MONICA-BRE1","Germany",1991,,,,,,
"DEU_1991_MONICA-BRE2","Germany",1991,,,,,,
"DEU_1991_conscripts","Germany",1991,,,,,,
"DEU_1992_10276007","Germany",1992,,,,,,
"DEU_1992_GCP","Germany",1992,,,,,,
"DEU_1992_GCPEast","Germany",1992,,,,,,
"DEU_1992_MONICA-ERF","Germany",1992,,,,,,
"DEU_1992_conscripts","Germany",1992,,,,,,
"DEU_1993_conscripts","Germany",1993,,,,,,
"DEU_1994_MONICA-CHM","Germany",1994,,,,,,
"DEU_1994_MONICA-ZWK","Germany",1994,,,,,,
"DEU_1994_conscripts","Germany",1994,,,,,,
"DEU_1995_MONICA-AUG","Germany",1995,,,,,,
"DEU_1995_conscripts","Germany",1995,,,,,,
"DEU_1996_EPICheidelberg","Germany",1996,"nonFU",,,,"nonFU",
"DEU_1996_EPICpotsdam","Germany",1996,"nonFU",,,,"nonFU",
"DEU_1996_conscripts","Germany",1996,,,,,,
"DEU_1997_conscripts","Germany",1997,,,,,,
"DEU_1998_BGS","Germany",1998,"nonFU",,,,"nonFU",
"DEU_1998_conscripts","Germany",1998,,,,,,
"DEU_1999_SHIP","Germany",1999,"nonFU",,,,"nonFU",
"DEU_1999_conscripts","Germany",1999,,,,,,
"DEU_2000_KORAS4","Germany",2000,,,,,,
"DEU_2001_10276132","Germany",2001,,,,,,
"DEU_2001_10276133","Germany",2001,,,,,,
"DEU_2001_ESTHER","Germany",2001,"nonFU",,"nonFU","nonFU",,
"DEU_2002_EMIL","Germany",2002,"nonFU",,,,"nonFU",
"DEU_2002_HNRS","Germany",2002,"nonFU",,"nonFU","nonFU","nonFU",
"DEU_2004_SHIP","Germany",2004,,,,,,
"DEU_2005_KiGGS","Germany",2005,,,,,,
"DEU_2007_HELENA","Germany",2007,,,,,,
"DEU_2007_HNRS","Germany",2007,"FU","DEU_2002_HNRS","No","FU","FU",
"DEU_2007_KORAF4","Germany",2007,,,,,,
"DEU_2008_conscripts","Germany",2008,,,,,,
"DEU_2009_ESTHER","Germany",2009,"nonFU",,,,"nonFU",
"DEU_2009_IDEFICS","Germany",2009,,,,,,
"DEU_2009_conscripts","Germany",2009,,,,,,
"DEU_2010_DEGS1","Germany",2010,"nonFU",,,,"nonFU",
"DEU_2010_GHS","Germany",2010,,,,,,
"DEU_2010_SHIP","Germany",2010,"FU","No","No",,"FU",
"DEU_2010_SHIPTREND","Germany",2010,"nonFU",,"nonFU","nonFU","nonFU",
"DEU_2010_conscripts","Germany",2010,,,,,,
"DEU_2011_healthyboat","Germany",2011,,,,,,
"DEU_2013_HNRS","Germany",2013,"FU","DEU_2007_HNRS","No","FU","FU",
"DEU_2014_KORAFF4","Germany",2014,,,,,,
"DEU_2015_GHS","Germany",2015,,,,,,
"DEU_2015_SHIP","Germany",2015,"FU","No","No",,"FU",
"DEU_2016_KiGGS2","Germany",2016,,,,,,
"DEU_2017_SHIPTREND","Germany",2017,"FU","DEU_2010_SHIPTREND","No","FU","FU",
"DEU_2017_healthyboat","Germany",2017,,,,,,
"DEU_2019_COSI5","Germany",2019,,,,,,
"DEU_2019_GHS","Germany",2019,,,,,,
"DEU_2022_MEIA","Germany",2022,,"No",,,,
"DEU_2023_COSI6","Germany",2023,,,,,,
"DMA_2008_STEPS","Dominica",2008,"nonFU",,,,"nonFU",
"DMA_2009_GSHS","Dominica",2009,,,,,,
"DNK_1977_CON","Denmark",1977,,,,,,
"DNK_1978_CON","Denmark",1978,,,,,,
"DNK_1979_CON","Denmark",1979,,,,,,
"DNK_1980_CON","Denmark",1980,,,,,,
"DNK_1980_CSHRR","Denmark",1980,,,,,,
"DNK_1981_CON","Denmark",1981,,,,,,
"DNK_1981_CSHRR","Denmark",1981,,,,,,
"DNK_1982_CCHS","Denmark",1982,,,,,,
"DNK_1982_CON","Denmark",1982,,,,,,
"DNK_1982_CSHRR","Denmark",1982,,,,,,
"DNK_1983_CON","Denmark",1983,,,,,,
"DNK_1983_CSHRR","Denmark",1983,,,,,,
"DNK_1983_MONICA-GLOa","Denmark",1983,,,,,,
"DNK_1984_CON","Denmark",1984,,,,,,
"DNK_1984_CSHRR","Denmark",1984,,,,,,
"DNK_1985_2336544","Denmark",1985,,,,,,
"DNK_1985_CSHRR","Denmark",1985,,,,,,
"DNK_1985_INTERSALT","Denmark",1985,,,,,,
"DNK_1986_CSHRR","Denmark",1986,,,,,,
"DNK_1986_MONICA-GLOa","Denmark",1986,,,,,,
"DNK_1987_10208134","Denmark",1987,,,,,,
"DNK_1987_CSHRR","Denmark",1987,,,,,,
"DNK_1988_CSHRR","Denmark",1988,,,,,,
"DNK_1988_sMONICA","Denmark",1988,,,,,,
"DNK_1989_CSHRR","Denmark",1989,,,,,,
"DNK_1990_CSHRR","Denmark",1990,,,,,,
"DNK_1991_CSHRR","Denmark",1991,,,,,,
"DNK_1991_MONICAGLOa","Denmark",1991,,,,,,
"DNK_1992_CSHRR","Denmark",1992,,,,,,
"DNK_1993_CCHS","Denmark",1993,,,,,,
"DNK_1993_CSHRR","Denmark",1993,,,,,,
"DNK_1994_CSHRR","Denmark",1994,,,,,,
"DNK_1994_sMONICA","Denmark",1994,,,,,,
"DNK_1995_CSHRR","Denmark",1995,,,,,,
"DNK_1995_EPICaarhus","Denmark",1995,"nonFU",,,,"nonFU",
"DNK_1995_EPICcopenhagen","Denmark",1995,"nonFU",,,,"nonFU",
"DNK_1996_CSHRR","Denmark",1996,,,,,,
"DNK_1997_10208106","Denmark",1997,,,,,,
"DNK_1997_CSHRR","Denmark",1997,,,,,,
"DNK_1998_CSHRR","Denmark",1998,,,,,,
"DNK_1998_EYHS","Denmark",1998,,,,,,
"DNK_1999_CSHRR","Denmark",1999,,,,,,
"DNK_2000_CSHRR","Denmark",2000,,,,,,
"DNK_2001_CSHRR","Denmark",2001,,,,,,
"DNK_2002_CCHS","Denmark",2002,,,,,,
"DNK_2002_CSHRR","Denmark",2002,,,,,,
"DNK_2002_CoSCIS","Denmark",2002,,,,,,
"DNK_2003_10208119","Denmark",2003,,,,,,
"DNK_2003_CSHRR","Denmark",2003,,,,,,
"DNK_2004_CGPS1","Denmark",2004,,,,,,
"DNK_2004_EYHS","Denmark",2004,,,,,,
"DNK_2005_CGPS1","Denmark",2005,,,,,,
"DNK_2005_CoSCIS","Denmark",2005,,,,,,
"DNK_2006_CGPS1","Denmark",2006,,,,,,
"DNK_2006_CON","Denmark",2006,,,,,,
"DNK_2007_CGPS1","Denmark",2007,,,,,,
"DNK_2007_CON","Denmark",2007,,,,,,
"DNK_2007_Health2006","Denmark",2007,,,,,,
"DNK_2008_CGPS1","Denmark",2008,,,,,,
"DNK_2008_CHAMPS","Denmark",2008,,,,,,
"DNK_2008_CON","Denmark",2008,,,,,,
"DNK_2008_CoSCIS","Denmark",2008,,,,,,
"DNK_2008_DANHES","Denmark",2008,"nonFU",,,,"nonFU",
"DNK_2009_CGPS1","Denmark",2009,,,,,,
"DNK_2009_CHAMPSfall","Denmark",2009,,,,,,
"DNK_2009_CHAMPSspring","Denmark",2009,,,,,,
"DNK_2009_CON","Denmark",2009,,,,,,
"DNK_2010_CGPS1","Denmark",2010,,,,,,
"DNK_2010_CHAMPSfall","Denmark",2010,,,,,,
"DNK_2010_CHAMPSspring","Denmark",2010,,,,,,
"DNK_2010_CON","Denmark",2010,,,,,,
"DNK_2010_EYHS","Denmark",2010,"nonFU",,,,"nonFU",
"DNK_2011_CGPS1","Denmark",2011,,,,,,
"DNK_2011_CHAMPS","Denmark",2011,,,,,,
"DNK_2011_CON","Denmark",2011,,,,,,
"DNK_2012_CGPS1","Denmark",2012,,,,,,
"DNK_2012_CHAMPS","Denmark",2012,,,,,,
"DNK_2012_CON","Denmark",2012,,,,,,
"DNK_2012_Health2006","Denmark",2012,,"DNK_2007_Health2006","No",,,
"DNK_2012_OPUS","Denmark",2012,,,,,,
"DNK_2013_CGPS1","Denmark",2013,,,,,,
"DNK_2013_CHAMPS","Denmark",2013,,,,,,
"DNK_2013_CON","Denmark",2013,,,,,,
"DNK_2013_LCoMotion","Denmark",2013,,,,,,
"DNK_2014_CON","Denmark",2014,,,,,,
"DNK_2014_DanFunD","Denmark",2014,,,,,,
"DNK_2015_CGPS1","Denmark",2015,,,,,,
"DNK_2015_CGPS2","Denmark",2015,,,,,,
"DNK_2015_CHAMPS","Denmark",2015,,,,,,
"DNK_2015_CON","Denmark",2015,,,,,,
"DNK_2016_CGPS2","Denmark",2016,,,,,,
"DNK_2016_CON","Denmark",2016,,,,,,
"DNK_2016_COSI4","Denmark",2016,,,,,,
"DNK_2017_CGPS2","Denmark",2017,,,,,,
"DNK_2017_CON","Denmark",2017,,,,,,
"DNK_2018_CGPS2","Denmark",2018,,"No",,,,
"DNK_2018_CON","Denmark",2018,,,,,,
"DNK_2019_CGPS2","Denmark",2019,,"No",,,,
"DNK_2019_CON","Denmark",2019,,,,,,
"DNK_2019_COSI5","Denmark",2019,,,,,,
"DNK_2021_CGPS2","Denmark",2021,,"No",,,,
"DNK_2022_CGPS2","Denmark",2022,,,,,,
"DNK_2022_COSI6","Denmark",2022,,,,,,
"DOM_1991_DHS","Dominican Republic",1991,,,,,,
"DOM_1993_NRDVHS","Dominican Republic",1993,,,,,,
"DOM_1996_DHS","Dominican Republic",1996,,,,,,
"DOM_1997_EFRICARD","Dominican Republic",1997,,,,,,
"DOM_2011_EFRICARDII","Dominican Republic",2011,"nonFU",,,,"nonFU",
"DOM_2013_DHS","Dominican Republic",2013,,,,,,
"DOM_2017_ENPREFARHAS","Dominican Republic",2017,"nonFU",,,,"nonFU",
"DZA_2003_STEPS","Algeria",2003,"nonFU",,,,"nonFU",
"DZA_2005_TAHINA","Algeria",2005,"nonFU",,,,"nonFU",
"DZA_2008_ISOR","Algeria",2008,"nonFU",,,,"nonFU",
"DZA_2017_STEPS","Algeria",2017,"nonFU",,,,"nonFU",
"ECU_2004_RHS","Ecuador",2004,,,,,,
"ECU_2005_CARMELA","Ecuador",2005,,,,,,
"ECU_2009_FNH","Ecuador",2009,,,,,,
"ECU_2010_SABE","Ecuador",2010,"nonFU",,,,"nonFU",
"ECU_2012_ENSANUT","Ecuador",2012,"nonFU",,,,"nonFU",
"ECU_2014_ECV","Ecuador",2014,,,,,,
"ECU_2015_ELANS","Ecuador",2015,"nonFU",,,,"nonFU",
"ECU_2018_ENSANUT","Ecuador",2018,,,,,,
"ECU_2018_STEPS","Ecuador",2018,"nonFU",,,,"nonFU",
"EGY_1992_DHS","Egypt",1992,,,,,,
"EGY_1995_DHS","Egypt",1995,,,,,,
"EGY_2000_DHS","Egypt",2000,,,,,,
"EGY_2002_NS","Egypt",2002,,,,,,
"EGY_2003_DHS","Egypt",2003,,,,,,
"EGY_2004_citMarzouk","Egypt",2004,"nonFU",,,,"nonFU",
"EGY_2005_DHS","Egypt",2005,,,,,,
"EGY_2005_STEPS","Egypt",2005,"nonFU",,,,"nonFU",
"EGY_2008_DHS","Egypt",2008,,,,,,
"EGY_2008_citMostafa","Egypt",2008,"nonFU",,,,"nonFU",
"EGY_2011_GSHS","Egypt",2011,,,,,,
"EGY_2011_STEPS","Egypt",2011,"nonFU",,,,"nonFU",
"EGY_2014_DHS","Egypt",2014,,,,,,
"EGY_2015_DHS","Egypt",2015,,,,,,
"EGY_2017_STEPS","Egypt",2017,"nonFU",,,,"nonFU",
"ERI_1995_DHS","Eritrea",1995,,,,,,
"ERI_2002_DHS","Eritrea",2002,,,,,,
"ERI_2004_STEPS","Eritrea",2004,"nonFU",,,,"nonFU",
"ERI_2010_EPHS","Eritrea",2010,,,,,,
"ERI_2010_STEPS","Eritrea",2010,"nonFU",,,,"nonFU",
"ESP_1985_INTERSALT-Manresa","Spain",1985,,,,,,
"ESP_1986_INTERSALT-Torrejo","Spain",1986,,,,,,
"ESP_1987_MONICA-CATa","Spain",1987,,,,,,
"ESP_1989_CAT","Spain",1989,,,,,,
"ESP_1990_Cardiova","Spain",1990,,,,,,
"ESP_1991_MONICA-CATa","Spain",1991,,,,,,
"ESP_1992_10724008","Spain",1992,,,,,,
"ESP_1992_10724137","Spain",1992,,,,,,
"ESP_1992_10724462","Spain",1992,,,,,,
"ESP_1992_CVDRF","Spain",1992,,,,,,
"ESP_1995_10724138","Spain",1995,,,,,,
"ESP_1995_ENCV","Spain",1995,"nonFU",,,,"nonFU",
"ESP_1995_MONICA-CATa","Spain",1995,,,,,,
"ESP_1996_10724110","Spain",1996,,,,,,
"ESP_1997_10724113","Spain",1997,,,,,,
"ESP_1999_10724457","Spain",1999,,,,,,
"ESP_1999_EnKID","Spain",1999,,,,,,
"ESP_2000_10724458","Spain",2000,,,,,,
"ESP_2000_CORSAIB","Spain",2000,"nonFU",,,,"nonFU",
"ESP_2001_Ancianos","Spain",2001,,,,,,
"ESP_2001_EUREYE","Spain",2001,,,,,,
"ESP_2002_CHIS","Spain",2002,"nonFU",,,,"nonFU",
"ESP_2002_DINO","Spain",2002,"nonFU",,"nonFU","nonFU","nonFU",
"ESP_2003_10724463","Spain",2003,,,,,,
"ESP_2003_CDC","Spain",2003,"nonFU",,,,"nonFU",
"ESP_2003_EMAS","Spain",2003,"nonFU",,,,"nonFU",
"ESP_2004_RECCyL","Spain",2004,"nonFU",,,,"nonFU",
"ESP_2004_REGICOR","Spain",2004,"nonFU",,,,"nonFU",
"ESP_2004_citVIOQUE","Spain",2004,"nonFU",,"nonFU","nonFU","nonFU",
"ESP_2005_PREVICTUS","Spain",2005,"nonFU",,,,"nonFU",
"ESP_2007_10724459","Spain",2007,,,,,,
"ESP_2007_ARTPER-1","Spain",2007,,"No",,,,
"ESP_2007_HELENA","Spain",2007,,,,,,
"ESP_2008_EMAS","Spain",2008,"FU","No","No",,"FU",
"ESP_2008_HERMEX","Spain",2008,"nonFU",,"nonFU","nonFU","nonFU",
"ESP_2009_ENRICA","Spain",2009,"nonFU",,"nonFU","nonFU","nonFU",
"ESP_2009_IDEFICS","Spain",2009,,,,,,
"ESP_2009_RECCyL","Spain",2009,"nonFU",,,,"nonFU",
"ESP_2010_Di@betes","Spain",2010,,,,,,
"ESP_2010_Diabetes","Spain",2010,,"No",,,,
"ESP_2010_ENERGY","Spain",2010,,,,,,
"ESP_2011_COSI2","Spain",2011,,,,,,
"ESP_2012_ARTPER-2","Spain",2012,,"ESP_2007_ARTPER-1",,,,
"ESP_2012_POIBC","Spain",2012,,,,,,
"ESP_2013_ANIBES","Spain",2013,"nonFU",,,,"nonFU",
"ESP_2013_BREATHE","Spain",2013,,,,,,
"ESP_2013_COSI3","Spain",2013,,,,,,
"ESP_2013_INMA-Menorca","Spain",2013,,,,,,
"ESP_2013_INMA-Sabadell","Spain",2013,,,,,,
"ESP_2013_INMAval","Spain",2013,,,,,,
"ESP_2014_INMAval","Spain",2014,,,,,,
"ESP_2014_POIBC","Spain",2014,,,,,,
"ESP_2014_PREFITAlmeria","Spain",2014,,,,,,
"ESP_2014_PREFITCadiz","Spain",2014,,,,,,
"ESP_2014_PREFITCastellon","Spain",2014,,,,,,
"ESP_2014_PREFITCuenca","Spain",2014,,,,,,
"ESP_2014_PREFITGranada","Spain",2014,,,,,,
"ESP_2014_PREFITLasPalmas","Spain",2014,,,,,,
"ESP_2014_PREFITMadrid","Spain",2014,,,,,,
"ESP_2014_PREFITMallorca","Spain",2014,,,,,,
"ESP_2014_PREFITZaragoza","Spain",2014,,,,,,
"ESP_2014_RECCyL","Spain",2014,"nonFU",,,,"nonFU",
"ESP_2015_ENRICA","Spain",2015,,"ESP_2009_ENRICA","No",,,
"ESP_2015_INMA-Sabadell","Spain",2015,,,,,,
"ESP_2015_PREFITVitoria","Spain",2015,,,,,,
"ESP_2016_COSI4","Spain",2016,,,,,,
"ESP_2016_INMA-Gipuzkoa","Spain",2016,,,,,,
"ESP_2016_INMAval","Spain",2016,,,,,,
"ESP_2017_ENRICASenior","Spain",2017,"nonFU",,"nonFU","nonFU",,
"ESP_2017_INMA-Sabadell","Spain",2017,,,,,,
"ESP_2018_ECHOCAT","Spain",2018,,,,,,
"ESP_2018_INMA-Gipuzkoa","Spain",2018,,,,,,
"ESP_2018_SANTBOISA","Spain",2018,,,,,,
"ESP_2019_COSI5","Spain",2019,,,,,,
"ESP_2019_ENRICASenior","Spain",2019,"FU","ESP_2017_ENRICASenior","No","FU",,
"ESP_2019_PASOS","Spain",2019,,,,,,
"ESP_2021_INMA-Gipuzkoa","Spain",2021,,,,,,
"ESP_2022_EHDLA","Spain",2022,,,,,,
"ESP_2023_COSI6","Spain",2023,,,,,,
"ESP_2023_PASOS","Spain",2023,,,,,,
"ESP_2023_SANTBOISA","Spain",2023,,,,,,
"EST_1985_9233013","Estonia",1985,,,,,,
"EST_1993_9233014","Estonia",1993,,,,,,
"EST_1997_citPomerleau","Estonia",1997,,,,,,
"EST_2000_9233015","Estonia",2000,,,,,,
"EST_2002_Biobank","Estonia",2002,,,,,,
"EST_2003_Biobank","Estonia",2003,,,,,,
"EST_2003_EMAS","Estonia",2003,"nonFU",,,,"nonFU",
"EST_2004_Biobank","Estonia",2004,,,,,,
"EST_2007_Biobank","Estonia",2007,,,,,,
"EST_2008_Biobank","Estonia",2008,,,,,,
"EST_2008_EMAS","Estonia",2008,"FU","No","No",,"FU",
"EST_2009_Biobank","Estonia",2009,,,,,,
"EST_2009_IDEFICS","Estonia",2009,,,,,,
"EST_2010_Biobank","Estonia",2010,,,,,,
"EST_2014_RTU","Estonia",2014,"nonFU",,,,"nonFU",
"EST_2016_COSI4","Estonia",2016,,,,,,
"EST_2019_COSI5","Estonia",2019,,,,,,
"EST_2022_COSI6","Estonia",2022,,,,,,
"ETH_2000_DHS","Ethiopia",2000,,,,,,
"ETH_2005_DHS","Ethiopia",2005,,,,,,
"ETH_2006_STEPS","Ethiopia",2006,"nonFU",,,,"nonFU",
"ETH_2011_DHS","Ethiopia",2011,,,,,,
"ETH_2014_ESS2","Ethiopia",2014,,,,,,
"ETH_2015_MNS","Ethiopia",2015,,,,,,
"ETH_2015_STEPS","Ethiopia",2015,"nonFU",,,,"nonFU",
"ETH_2016_ARISEHa","Ethiopia",2016,,,,,,
"ETH_2016_ARISEKe","Ethiopia",2016,,,,,,
"ETH_2016_DHS","Ethiopia",2016,,,,,,
"ETH_2018_SUDSAddis","Ethiopia",2018,,,,,,
"ETH_2018_SUDSKersa","Ethiopia",2018,,,,,,
"ETH_2024_STEPS","Ethiopia",2024,,"No",,,,
"FIN_1980_YFS_rural","Finland",1980,,,,,,
"FIN_1980_YFS_urban","Finland",1980,,,,,,
"FIN_1982_MONICA-FIN","Finland",1982,,,,,,
"FIN_1983_YFS_rural","Finland",1983,,,,,,
"FIN_1983_YFS_urban","Finland",1983,,,,,,
"FIN_1984_FINE","Finland",1984,,,,,,
"FIN_1985_INTERSALT-Joensuu","Finland",1985,,,,,,
"FIN_1985_INTERSALT-Turku","Finland",1985,,,,,,
"FIN_1986_YFS_rural","Finland",1986,,,,,,
"FIN_1986_YFS_urban","Finland",1986,,,,,,
"FIN_1987_KIHD","Finland",1987,,,,,,
"FIN_1987_MONICA-FIN","Finland",1987,,,,,,
"FIN_1989_FINE","Finland",1989,,,,,,
"FIN_1991_Oulu35","Finland",1991,,,,,,
"FIN_1992_FINRISK","Finland",1992,,,,,,
"FIN_1992_KIHD","Finland",1992,"nonFU",,,,"nonFU",
"FIN_1994_FINE","Finland",1994,,,,,,
"FIN_1997_FINRISK","Finland",1997,,,,,,
"FIN_1997_NFBC66","Finland",1997,"nonFU",,,,"nonFU",
"FIN_1997_Oulu35","Finland",1997,"nonFU",,,,"nonFU",
"FIN_1997_Savi","Finland",1997,"nonFU",,,,"nonFU",
"FIN_2000_FINE","Finland",2000,,,,,,
"FIN_2000_KIHD","Finland",2000,,,,,,
"FIN_2001_HS","Finland",2001,"nonFU",,"nonFU","nonFU","nonFU",
"FIN_2001_YFS_rural","Finland",2001,"nonFU",,,,"nonFU",
"FIN_2001_YFS_urban","Finland",2001,"nonFU",,,,"nonFU",
"FIN_2002_FINRISK","Finland",2002,,,,,,
"FIN_2002_NFBC86","Finland",2002,,,,,,
"FIN_2002_Oulu45","Finland",2002,"nonFU",,,,"nonFU",
"FIN_2003_HBCS","Finland",2003,"nonFU",,,,"nonFU",
"FIN_2005_10246122","Finland",2005,,,,,,
"FIN_2005_10246506","Finland",2005,,,,,,
"FIN_2007_FINRISK","Finland",2007,,,,,,
"FIN_2007_KIHD","Finland",2007,"FU","No","No",,"FU",
"FIN_2007_Oulu35","Finland",2007,,,,,,
"FIN_2007_YFS_rural","Finland",2007,"FU","No","No",,"FU",
"FIN_2007_YFS_urban","Finland",2007,"FU","No","No",,"FU",
"FIN_2008_Athletes","Finland",2008,"nonFU",,,,"nonFU",
"FIN_2008_Savi","Finland",2008,"nonFU",,,,"nonFU",
"FIN_2011_YFS_rural","Finland",2011,"FU","FIN_2007_YFS_rural","No","nonFU","FU",
"FIN_2011_YFS_urban","Finland",2011,"FU","FIN_2007_YFS_urban","No","nonFU","FU",
"FIN_2012_FINRISK","Finland",2012,,,,,,
"FIN_2012_HS","Finland",2012,"FU_w_refreshers","FIN_2001_HS","Yes","FU_w_refreshers","nonFU",
"FIN_2012_ISCOLE","Finland",2012,,,,,,
"FIN_2012_NFBC66","Finland",2012,"nonFU",,"nonFU","nonFU",,
"FIN_2016_RPHC_rural","Finland",2016,,,,,,
"FIN_2016_RPHC_urban","Finland",2016,,,,,,
"FIN_2017_FinHealth","Finland",2017,"nonFU",,"nonFU","nonFU","nonFU",
"FIN_2017_RPHC_rural","Finland",2017,,,,,,
"FIN_2017_RPHC_urban","Finland",2017,,,,,,
"FIN_2018_RPHC_rural","Finland",2018,,,,,,
"FIN_2018_RPHC_urban","Finland",2018,,,,,,
"FIN_2019_COSI5","Finland",2019,,,,,,
"FIN_2019_Savi","Finland",2019,"FU","FIN_2008_Savi","No","nonFU","FU",
"FIN_2019_YFSfu","Finland",2019,,"FIN_1980_YFS",,,,
"FIN_2020_NFBC86","Finland",2020,"nonFU",,"nonFU","nonFU","nonFU",
"FIN_2022_COSI6","Finland",2022,,,,,,
"FIN_2023_Healthy","Finland",2023,,"No",,,,
"FJI_1980_NCVDS","Fiji",1980,,,,,,
"FJI_2002_STEPS","Fiji",2002,"nonFU",,,,"nonFU",
"FJI_2006_OPIC-MYP","Fiji",2006,,,,,,
"FJI_2008_OPIC-MYP","Fiji",2008,"nonFU",,,,"nonFU",
"FJI_2009_EHS","Fiji",2009,,,,,,
"FJI_2011_STEPS","Fiji",2011,"nonFU",,,,"nonFU",
"FJI_2016_GSHS","Fiji",2016,,,,,,
"FJI_2021_MICS6","Fiji",2021,,,,,,
"FJI_2024_STEPS","Fiji",2024,,"No",,,,
"FRA_1986_MONICA-STRa","France",1986,,,,,,
"FRA_1986_MONICA-STRa-Y","France",1986,,,,,,
"FRA_1986_MONICA-TOUa","France",1986,,,,,,
"FRA_1988_MONICAlille","France",1988,,,,,,
"FRA_1990_MONICA-TOUa","France",1990,,,,,,
"FRA_1995_MONICA-TOUa","France",1995,,,,,,
"FRA_1996_MONICAlille","France",1996,,,,,,
"FRA_1996_MONICAstrasbourg","France",1996,,,,,,
"FRA_2000_10250490","France",2000,,,,,,
"FRA_2000_3C","France",2000,,,,,,
"FRA_2000_Corpu","France",2000,,,,,,
"FRA_2006_INCA2Adults","France",2006,,,,,,
"FRA_2006_INCA2Children","France",2006,,,,,,
"FRA_2006_MONALISAbasrhin","France",2006,,,,,,
"FRA_2006_MONALISAtoulouse","France",2006,,,,,,
"FRA_2007_3C","France",2007,,,,,,
"FRA_2007_Corpu","France",2007,,,,,,
"FRA_2007_ENNS","France",2007,"nonFU",,,,"nonFU",
"FRA_2007_HELENA","France",2007,,,,,,
"FRA_2007_MONALISAlille","France",2007,,"No",,,,
"FRA_2009_3C","France",2009,"nonFU",,"nonFU","nonFU",,
"FRA_2010_EDEN","France",2010,,,,,,
"FRA_2011_EDEN","France",2011,,,,,,
"FRA_2012_CONSTANCES","France",2012,,"No",,,,
"FRA_2012_EDEN","France",2012,,,,,,
"FRA_2012_ELISABETdunkerque","France",2012,,,,,,
"FRA_2012_ELISABETlille","France",2012,,,,,,
"FRA_2013_CONSTANCES","France",2013,"nonFU",,,,"nonFU",
"FRA_2013_CONSTANCESw","France",2013,,,,,,
"FRA_2013_EDEN","France",2013,,,,,,
"FRA_2014_CONSTANCESw","France",2014,,,,,,
"FRA_2014_EDEN","France",2014,,,,,,
"FRA_2015_CONSTANCESw","France",2015,,,,,,
"FRA_2015_EDEN","France",2015,,,,,,
"FRA_2015_Esteban","France",2015,"nonFU",,,,"nonFU",
"FRA_2016_CONSTANCES","France",2016,"nonFU",,,,"nonFU",
"FRA_2016_CONSTANCESw","France",2016,,,,,,
"FRA_2016_COSI4","France",2016,,,,,,
"FRA_2016_EDEN","France",2016,,,,,,
"FRA_2017_CONSTANCESw","France",2017,,,,,,
"FRA_2018_CONSTANCESFU","France",2018,"FU","No","No",,"FU",
"FRA_2019_CONSTANCES","France",2019,"nonFU",,,,"nonFU",
"FRA_2021_CONSTANCES","France",2021,"nonFU",,,,"nonFU",
"FRA_2021_CONSTANCESFU","France",2021,"FU","No","No",,"FU",
"FSM_2002_STEPS_pohnpei","Micronesia",2002,"nonFU",,,,"nonFU",
"FSM_2006_STEPS_chuuk","Micronesia",2006,"nonFU",,,,"nonFU",
"FSM_2008_STEPS_pohnpei","Micronesia",2008,"nonFU",,,,"nonFU",
"FSM_2009_STEPS_kosrae","Micronesia",2009,"nonFU",,,,"nonFU",
"FSM_2009_STEPS_yap","Micronesia",2009,"nonFU",,,,"nonFU",
"FSM_2016_STEPS","Micronesia",2016,"nonFU",,,,"nonFU",
"GAB_2000_DHS","Gabon",2000,,,,,,
"GAB_2009_STEPS","Gabon",2009,"nonFU",,,,"nonFU",
"GAB_2012_DHS","Gabon",2012,,,,,,
"GAB_2020_DHS","Gabon",2020,,,,,,
"GBR_1980_BCS70","United Kingdom",1980,,,,,,
"GBR_1982_NSHD","United Kingdom",1982,,,,,,
"GBR_1984_MONICA-BELa","United Kingdom",1984,,,,,,
"GBR_1985_INTERSALT-Belfast","United Kingdom",1985,,,,,,
"GBR_1985_INTERSALT-Birmingham","United Kingdom",1985,,,,,,
"GBR_1985_INTERSALT-Wales","United Kingdom",1985,,,,,,
"GBR_1985_SHHS","United Kingdom",1985,,,,,,
"GBR_1986_BCS70","United Kingdom",1986,,,,,,
"GBR_1987_DNS","United Kingdom",1987,,,,,,
"GBR_1987_MONICA-BELa","United Kingdom",1987,,,,,,
"GBR_1988_EAS","United Kingdom",1988,,,,,,
"GBR_1989_NSHD","United Kingdom",1989,,,,,,
"GBR_1991_NCDS","United Kingdom",1991,,,,,,
"GBR_1992_HSE","United Kingdom",1992,"nonFU",,,,"nonFU",
"GBR_1992_MONICA-BELa","United Kingdom",1992,,,,,,
"GBR_1992_MONICA-GLAa","United Kingdom",1992,,,,,,
"GBR_1993_10826504","United Kingdom",1993,,,,,,
"GBR_1993_EAS","United Kingdom",1993,,,,,,
"GBR_1993_HSE","United Kingdom",1993,"nonFU",,,,"nonFU",
"GBR_1994_HSE","United Kingdom",1994,"nonFU",,,,"nonFU",
"GBR_1995_EPICnorfolk","United Kingdom",1995,"nonFU",,,,"nonFU",
"GBR_1995_HAS","United Kingdom",1995,,,,,,
"GBR_1995_HSE","United Kingdom",1995,,,,,,
"GBR_1995_MONICA-GLAa","United Kingdom",1995,,,,,,
"GBR_1995_NDNS","United Kingdom",1995,,,,,,
"GBR_1995_SHS","United Kingdom",1995,"nonFU",,,,"nonFU",
"GBR_1996_BCS70","United Kingdom",1996,,,,,,
"GBR_1996_HSE","United Kingdom",1996,,,,,,
"GBR_1997_HSE","United Kingdom",1997,"nonFU",,,,"nonFU",
"GBR_1997_NDNS","United Kingdom",1997,,,,,,
"GBR_1998_HSE","United Kingdom",1998,"nonFU",,,,"nonFU",
"GBR_1998_INTERMAP-Belfast","United Kingdom",1998,,,,,,
"GBR_1998_INTERMAP-WestBromwich","United Kingdom",1998,,,,,,
"GBR_1998_SHS","United Kingdom",1998,"nonFU",,,,"nonFU",
"GBR_1999_ALSPAC1","United Kingdom",1999,,,,,,
"GBR_1999_BRHS","United Kingdom",1999,"nonFU",,,,"nonFU",
"GBR_1999_HSE","United Kingdom",1999,,,,,,
"GBR_1999_NSHD","United Kingdom",1999,"nonFU",,,,"nonFU",
"GBR_1999_SportsLinx","United Kingdom",1999,,,,,,
"GBR_2000_ALSPAC2","United Kingdom",2000,,,,,,
"GBR_2000_BWHHS","United Kingdom",2000,"nonFU",,,,"nonFU",
"GBR_2000_EAS","United Kingdom",2000,,,,,,
"GBR_2000_HSE","United Kingdom",2000,,,,,,
"GBR_2000_SWS","United Kingdom",2000,,,,,,
"GBR_2000_SportsLinx","United Kingdom",2000,,,,,,
"GBR_2001_ALSPAC3","United Kingdom",2001,,,,,,
"GBR_2001_HCS","United Kingdom",2001,"nonFU",,,,"nonFU",
"GBR_2001_HSE","United Kingdom",2001,"nonFU",,,,"nonFU",
"GBR_2001_NDNS","United Kingdom",2001,"nonFU",,,,"nonFU",
"GBR_2001_SportsLinx","United Kingdom",2001,,,,,,
"GBR_2002_ALSPAC4","United Kingdom",2002,,,,,,
"GBR_2002_HSE","United Kingdom",2002,"nonFU",,,,"nonFU",
"GBR_2002_SportsLinx","United Kingdom",2002,,,,,,
"GBR_2003_ALSPAC5","United Kingdom",2003,,,,,,
"GBR_2003_EMAS","United Kingdom",2003,"nonFU",,,,"nonFU",
"GBR_2003_HSE","United Kingdom",2003,"nonFU",,"nonFU","nonFU","nonFU",
"GBR_2003_SHS","United Kingdom",2003,"nonFU",,,,"nonFU",
"GBR_2003_SportsLinx","United Kingdom",2003,,,,,,
"GBR_2004_HAS","United Kingdom",2004,"nonFU",,"nonFU","nonFU",,
"GBR_2004_HSE","United Kingdom",2004,,,,,,
"GBR_2004_SportsLinx","United Kingdom",2004,,,,,,
"GBR_2005_ALSPAC6","United Kingdom",2005,,,,,,
"GBR_2005_ELSA","United Kingdom",2005,"nonFU",,"nonFU","nonFU","nonFU",
"GBR_2005_HSE","United Kingdom",2005,"nonFU",,,,"nonFU",
"GBR_2005_SportsLinx","United Kingdom",2005,,,,,,
"GBR_2006_ALSPAC7","United Kingdom",2006,,,,,,
"GBR_2006_HSE","United Kingdom",2006,"nonFU",,,,"nonFU",
"GBR_2006_MCS","United Kingdom",2006,,,,,,
"GBR_2006_SportsLinx","United Kingdom",2006,,,,,,
"GBR_2007_ALSPAC8","United Kingdom",2007,,,,,,
"GBR_2007_HSE","United Kingdom",2007,"nonFU",,,,"nonFU",
"GBR_2007_NCMP","United Kingdom",2007,,,,,,
"GBR_2007_Newcastle","United Kingdom",2007,"nonFU",,"nonFU","nonFU",,
"GBR_2007_SportsLinx","United Kingdom",2007,,,,,,
"GBR_2007_WHS","United Kingdom",2007,,,,,,
"GBR_2008_EMAS","United Kingdom",2008,"FU","No","No",,"FU",
"GBR_2008_HSE","United Kingdom",2008,"nonFU",,,,"nonFU",
"GBR_2008_MCS","United Kingdom",2008,,,,,,
"GBR_2008_NCMP","United Kingdom",2008,,,,,,
"GBR_2008_SHS","United Kingdom",2008,"nonFU",,,,"nonFU",
"GBR_2008_SportsLinx","United Kingdom",2008,,,,,,
"GBR_2008_WHS","United Kingdom",2008,,,,,,
"GBR_2009_ELSA","United Kingdom",2009,"FU_w_refreshers","GBR_2005_ELSA","Yes","FU_w_refreshers","FU_w_refreshers",
"GBR_2009_HSE","United Kingdom",2009,"nonFU",,,,"nonFU",
"GBR_2009_NCMP","United Kingdom",2009,,,,,,
"GBR_2009_NSHD","United Kingdom",2009,"nonFU",,"nonFU","nonFU",,
"GBR_2009_SHS","United Kingdom",2009,"nonFU",,,,"nonFU",
"GBR_2009_SWS","United Kingdom",2009,,,,,,
"GBR_2009_SportsLinx","United Kingdom",2009,,,,,,
"GBR_2009_WHS","United Kingdom",2009,,,,,,
"GBR_2010_ALSPAC9","United Kingdom",2010,,,,,,
"GBR_2010_HSE","United Kingdom",2010,"nonFU",,,,"nonFU",
"GBR_2010_NCMP","United Kingdom",2010,,,,,,
"GBR_2010_NDNS","United Kingdom",2010,"nonFU",,"nonFU","nonFU","nonFU",
"GBR_2010_Newcastle","United Kingdom",2010,"FU","GBR_2008_Newcastle","No","FU",,
"GBR_2010_SHS","United Kingdom",2010,"nonFU",,,,"nonFU",
"GBR_2010_SportsLinx","United Kingdom",2010,,,,,,
"GBR_2010_US","United Kingdom",2010,"nonFU",,,,"nonFU",
"GBR_2010_WHS","United Kingdom",2010,,,,,,
"GBR_2011_BHPS","United Kingdom",2011,"nonFU",,,,"nonFU",
"GBR_2011_BRHS","United Kingdom",2011,,,,,,
"GBR_2011_HSE","United Kingdom",2011,"nonFU",,,,"nonFU",
"GBR_2011_NCMP","United Kingdom",2011,,,,,,
"GBR_2011_SHS","United Kingdom",2011,"nonFU",,,,"nonFU",
"GBR_2011_SportsLinx","United Kingdom",2011,,,,,,
"GBR_2011_WHS","United Kingdom",2011,,,,,,
"GBR_2012_HSE","United Kingdom",2012,"nonFU",,,,"nonFU",
"GBR_2012_ISCOLE","United Kingdom",2012,,,,,,
"GBR_2012_MCS","United Kingdom",2012,,,,,,
"GBR_2012_NCMP","United Kingdom",2012,,,,,,
"GBR_2012_SHS","United Kingdom",2012,"nonFU",,,,"nonFU",
"GBR_2012_SWS","United Kingdom",2012,,,,,,
"GBR_2012_SportsLinx","United Kingdom",2012,,,,,,
"GBR_2012_WHS","United Kingdom",2012,,,,,,
"GBR_2013_ELSA","United Kingdom",2013,"FU_w_refreshers","GBR_2009_ELSA","Yes","FU_w_refreshers","FU_w_refreshers",
"GBR_2013_HSE","United Kingdom",2013,"nonFU",,,,"nonFU",
"GBR_2013_NCMP","United Kingdom",2013,,,,,,
"GBR_2013_SHS","United Kingdom",2013,"nonFU",,,,"nonFU",
"GBR_2014_HSE","United Kingdom",2014,"nonFU",,,,"nonFU",
"GBR_2014_NCMP","United Kingdom",2014,,,,,,
"GBR_2014_NDNS","United Kingdom",2014,"nonFU",,"nonFU","nonFU","nonFU",
"GBR_2014_SHS","United Kingdom",2014,"nonFU",,,,"nonFU",
"GBR_2014_Swanlinx","United Kingdom",2014,,,,,,
"GBR_2015_HSE","United Kingdom",2015,"nonFU",,,,"nonFU",
"GBR_2015_MCS","United Kingdom",2015,,,,,,
"GBR_2015_NCMP","United Kingdom",2015,,,,,,
"GBR_2015_NSHD","United Kingdom",2015,,"GBR_2009_NSHD","No",,,
"GBR_2015_SHS","United Kingdom",2015,"nonFU",,,,"nonFU",
"GBR_2015_Swanlinx","United Kingdom",2015,,,,,,
"GBR_2016_HSE","United Kingdom",2016,"nonFU",,,,"nonFU",
"GBR_2016_NCMP","United Kingdom",2016,,,,,,
"GBR_2016_NDNS","United Kingdom",2016,"nonFU",,"nonFU","nonFU","nonFU",
"GBR_2016_SHS","United Kingdom",2016,"nonFU",,,,"nonFU",
"GBR_2016_Swanlinx","United Kingdom",2016,,,,,,
"GBR_2017_BCS70","United Kingdom",2017,"nonFU",,,,"nonFU",
"GBR_2017_ELSA","United Kingdom",2017,"FU_w_refreshers","GBR_2013_ELSA","Yes","FU_w_refreshers",,
"GBR_2017_HSE","United Kingdom",2017,"nonFU",,,,"nonFU",
"GBR_2017_NCMP","United Kingdom",2017,,,,,,
"GBR_2017_SHS","United Kingdom",2017,"nonFU",,,,"nonFU",
"GBR_2018_HSE","United Kingdom",2018,"nonFU",,,,"nonFU",
"GBR_2018_NCMP","United Kingdom",2018,,,,,,
"GBR_2018_NDNS","United Kingdom",2018,"nonFU",,"nonFU","nonFU","nonFU",
"GBR_2018_SHS","United Kingdom",2018,"nonFU",,,,"nonFU",
"GBR_2019_ELSA","United Kingdom",2019,"FU_w_refreshers","GBR_2017_ELSA","Yes","FU_w_refreshers",,
"GBR_2019_HSE","United Kingdom",2019,"nonFU",,,,"nonFU",
"GBR_2019_NCMP","United Kingdom",2019,,,,,,
"GBR_2019_SHS","United Kingdom",2019,"nonFU",,,,"nonFU",
"GBR_2019_USIP","United Kingdom",2019,,,,,,
"GBR_2021_HSE","United Kingdom",2021,,"No",,,,
"GEO_2010_STEPS","Georgia",2010,"nonFU",,,,"nonFU",
"GEO_2016_COSI4","Georgia",2016,,,,,,
"GEO_2016_STEPS","Georgia",2016,"nonFU",,,,"nonFU",
"GEO_2019_COSI5","Georgia",2019,,,,,,
"GEO_2022_COSI6","Georgia",2022,,,,,,
"GHA_1988_GLSS","Ghana",1988,,,,,,
"GHA_1989_GLSS","Ghana",1989,,,,,,
"GHA_1993_DHS","Ghana",1993,,,,,,
"GHA_1997_21288016","Ghana",1997,,,,,,
"GHA_1998_DHS","Ghana",1998,,,,,,
"GHA_2001_21288011","Ghana",2001,,,,,,
"GHA_2002_21288036","Ghana",2002,,,,,,
"GHA_2002_21288050","Ghana",2002,,,,,,
"GHA_2003_ACCRA","Ghana",2003,"nonFU",,,,"nonFU",
"GHA_2003_DHS","Ghana",2003,,,,,,
"GHA_2006_STEPS","Ghana",2006,"nonFU",,,,"nonFU",
"GHA_2008_DHS","Ghana",2008,,,,,,
"GHA_2008_SAGE","Ghana",2008,"nonFU",,,,"nonFU",
"GHA_2009_ACCRA","Ghana",2009,"nonFU",,,,"nonFU",
"GHA_2013_RODAM-rural","Ghana",2013,"nonFU",,"nonFU","nonFU","nonFU",
"GHA_2013_RODAM-urban","Ghana",2013,"nonFU",,"nonFU","nonFU","nonFU",
"GHA_2014_DHS","Ghana",2014,,,,,,
"GHA_2017_GLSS","Ghana",2017,,,,,,
"GHA_2017_GMS","Ghana",2017,,,,,,
"GHA_2018_SchoolsIntervention_baseline","Ghana",2018,,,,,,
"GHA_2018_SchoolsIntervention_follow-up","Ghana",2018,,,,,,
"GHA_2022_DHS","Ghana",2022,,,,,,
"GHA_2022_GSHS","Ghana",2022,,,,,,
"GHA_2023_STEPS","Ghana",2023,,"No",,,,
"GIN_1999_DHS","Guinea",1999,,,,,,
"GIN_2005_DHS","Guinea",2005,,,,,,
"GIN_2009_STEPS","Guinea",2009,"nonFU",,,,"nonFU",
"GIN_2012_DHS","Guinea",2012,,,,,,
"GIN_2018_DHS","Guinea",2018,,,,,,
"GMB_1997_NSBLV","Gambia",1997,,,,,,
"GMB_2003_21270015","Gambia",2003,,,,,,
"GMB_2010_STEPS","Gambia",2010,"nonFU",,,,"nonFU",
"GMB_2012_GNNS","Gambia",2012,,,,,,
"GMB_2013_DHS","Gambia",2013,,,,,,
"GMB_2018_GMNS","Gambia",2018,,,,,,
"GMB_2020_DHS","Gambia",2020,,,,,,
"GMB_2023_STEPS","Gambia",2023,,"No",,,,
"GNB_2010_MICS","Guinea Bissau",2010,,,,,,
"GNB_2012_SMART","Guinea Bissau",2012,,,,,,
"GNQ_2011_DHS","Equatorial Guinea",2011,,,,,,
"GRC_1991_10300101","Greece",1991,,,,,,
"GRC_1997_Didima","Greece",1997,,,,,,
"GRC_1997_GPFS","Greece",1997,,,,,,
"GRC_1998_GPFS","Greece",1998,,,,,,
"GRC_1999_DCA","Greece",1999,,,,,,
"GRC_1999_GPFS","Greece",1999,,,,,,
"GRC_2000_GPFS","Greece",2000,,,,,,
"GRC_2001_10300341","Greece",2001,,,,,,
"GRC_2001_GPFS","Greece",2001,,,,,,
"GRC_2002_ATTICA","Greece",2002,,"No",,,,
"GRC_2003_GPFS","Greece",2003,,,,,,
"GRC_2003_citTZOTZAS","Greece",2003,,,,,,
"GRC_2004_GPFS","Greece",2004,,,,,,
"GRC_2005_Arsakeion","Greece",2005,,,,,,
"GRC_2005_Daphne","Greece",2005,,,,,,
"GRC_2005_GPFS","Greece",2005,,,,,,
"GRC_2006_GENDAI","Greece",2006,,,,,,
"GRC_2006_GPFS","Greece",2006,,,,,,
"GRC_2006_NGSC","Greece",2006,,,,,,
"GRC_2006_Paliouri","Greece",2006,,,,,,
"GRC_2006_Samos","Greece",2006,,,,,,
"GRC_2007_GPFS","Greece",2007,,,,,,
"GRC_2007_HELENA1","Greece",2007,,,,,,
"GRC_2007_HELENA2","Greece",2007,,,,,,
"GRC_2008_GPFSrural","Greece",2008,,,,,,
"GRC_2008_GPFSurban","Greece",2008,,,,,,
"GRC_2008_HGS","Greece",2008,,,,,,
"GRC_2009_GRECO","Greece",2009,,,,,,
"GRC_2009_TEENAGE","Greece",2009,,,,,,
"GRC_2010_ENERGY","Greece",2010,,,,,,
"GRC_2011_ADONUT-bmi","Greece",2011,,,,,,
"GRC_2011_COSI2","Greece",2011,,,,,,
"GRC_2013_Adolescents_screening","Greece",2013,,,,,,
"GRC_2013_COSI3","Greece",2013,,,,,,
"GRC_2014_HNNHS","Greece",2014,"nonFU",,,,"nonFU",
"GRC_2014_HYDRIA","Greece",2014,,,,,,
"GRC_2015_EMENO","Greece",2015,"nonFU",,,,"nonFU",
"GRC_2015_EYZHN","Greece",2015,,,,,,
"GRC_2015_NUTRIWEB","Greece",2015,,,,,,
"GRC_2016_COSI4","Greece",2016,,,,,,
"GRC_2016_EMENOchild","Greece",2016,,,,,,
"GRC_2016_SKG","Greece",2016,"nonFU",,,,"nonFU",
"GRC_2017_Erasmus","Greece",2017,,,,,,
"GRC_2018_Erasmus","Greece",2018,,,,,,
"GRC_2018_GPFS","Greece",2018,,,,,,
"GRC_2018_thessa","Greece",2018,"nonFU",,,,"nonFU",
"GRC_2019_COSI5","Greece",2019,,,,,,
"GRC_2023_COSI6","Greece",2023,,,,,,
"GRD_2011_STEPS","Grenada",2011,"nonFU",,,,"nonFU",
"GRL_2008_IHIT","Greenland",2008,"nonFU",,"nonFU","nonFU",,
"GRL_2018_PHSG","Greenland",2018,"nonFU",,"nonFU","nonFU",,
"GTM_1995_DHS","Guatemala",1995,,,,,,
"GTM_1999_DHS","Guatemala",1999,,,,,,
"GTM_2000_ENCOVI","Guatemala",2000,,,,,,
"GTM_2002_CAMDI","Guatemala",2002,"nonFU",,,,"nonFU",
"GTM_2002_RHS","Guatemala",2002,,,,,,
"GTM_2004_INSTC","Guatemala",2004,"nonFU",,,,"nonFU",
"GTM_2009_ENSMI","Guatemala",2009,"nonFU",,,,"nonFU",
"GTM_2013_SIVESNU","Guatemala",2013,,,,,,
"GTM_2015_DHS","Guatemala",2015,,,,,,
"GTM_2015_SIVESNU","Guatemala",2015,,,,,,
"GTM_2015_STEPS","Guatemala",2015,"nonFU",,,,"nonFU",
"GTM_2016_META","Guatemala",2016,"nonFU",,"nonFU","nonFU","nonFU",
"GTM_2016_SIVESNU","Guatemala",2016,"nonFU",,,,"nonFU",
"GTM_2018_ElProgreso","Guatemala",2018,,,,,,
"GTM_2018_SIVESNU","Guatemala",2018,"nonFU",,,,"nonFU",
"GTM_2019_CKD","Guatemala",2019,"nonFU",,,,"nonFU",
"GTM_2019_SIVESNU","Guatemala",2019,"nonFU",,,,"nonFU",
"GTM_2019_evaluacion","Guatemala",2019,,,,,,
"GTM_2021_evaluacion","Guatemala",2021,,,,,,
"GTM_2022_evaluacion","Guatemala",2022,,,,,,
"GUY_2009_DHS","Guyana",2009,,,,,,
"GUY_2010_GSHS","Guyana",2010,,,,,,
"GUY_2016_STEPS","Guyana",2016,"nonFU",,"nonFU","nonFU","nonFU",
"HND_1996_HNMS","Honduras",1996,,,,,,
"HND_2004_CAMDI","Honduras",2004,"nonFU",,,,"nonFU",
"HND_2006_DHS","Honduras",2006,,,,,,
"HND_2012_DHS","Honduras",2012,,,,,,
"HND_2019_MICS","Honduras",2019,,,,,,
"HRV_1998_CrHS","Croatia",1998,,,,,,
"HRV_2004_SHS","Croatia",2004,,,,,,
"HRV_2005_EHUH","Croatia",2005,,,,,,
"HRV_2005_ENAH","Croatia",2005,,,,,,
"HRV_2007_CVRFSA","Croatia",2007,,,,,,
"HRV_2008_ENAH","Croatia",2008,"nonFU",,,,"nonFU",
"HRV_2010_ENAH","Croatia",2010,"nonFU",,,,"nonFU",
"HRV_2014_CRO-PALS","Croatia",2014,,,,,,
"HRV_2015_ENAH","Croatia",2015,"nonFU",,,,"nonFU",
"HRV_2016_COSI4","Croatia",2016,,,,,,
"HRV_2016_SplitSchool","Croatia",2016,,,,,,
"HRV_2017_CRO-PALS","Croatia",2017,,,,,,
"HRV_2017_MSPC","Croatia",2017,,,,,,
"HRV_2019_COSI5","Croatia",2019,,,,,,
"HRV_2020_EHUH","Croatia",2020,"nonFU",,,,"nonFU",
"HRV_2021_SplitSchool","Croatia",2021,,,,,,
"HRV_2022_COSI6","Croatia",2022,,,,,,
"HRV_2023_SplitSchool","Croatia",2023,,,,,,
"HTI_1995_DHS","Haiti",1995,,,,,,
"HTI_2000_DHS","Haiti",2000,,,,,,
"HTI_2006_DHS","Haiti",2006,,,,,,
"HTI_2012_DHS","Haiti",2012,,,,,,
"HTI_2016_Carrefour","Haiti",2016,"nonFU",,,,"nonFU",
"HTI_2016_Thomonde","Haiti",2016,"nonFU",,,,"nonFU",
"HTI_2017_DHS","Haiti",2017,,,,,,
"HTI_2020_HCVDC","Haiti",2020,,,,,,
"HUN_1983_MONICA-BUDa","Hungary",1983,,,,,,
"HUN_1983_MONICA-PECa","Hungary",1983,,,,,,
"HUN_1985_INTERSALT","Hungary",1985,,,,,,
"HUN_1987_FHRNS","Hungary",1987,,,,,,
"HUN_1988_MONICA-BUDa","Hungary",1988,,,,,,
"HUN_1988_MONICA-PECa","Hungary",1988,,,,,,
"HUN_2003_EMAS","Hungary",2003,"nonFU",,,,"nonFU",
"HUN_2007_HELENA","Hungary",2007,,,,,,
"HUN_2008_EMAS","Hungary",2008,"FU","No","No",,"FU",
"HUN_2009_IDEFICS","Hungary",2009,,,,,,
"HUN_2009_OTAP","Hungary",2009,,,,,,
"HUN_2010_COSI2","Hungary",2010,,,,,,
"HUN_2010_ENERGY","Hungary",2010,,,,,,
"HUN_2014_OTAP","Hungary",2014,,,,,,
"HUN_2016_COSI4","Hungary",2016,,,,,,
"HUN_2016_F4D","Hungary",2016,,,,,,
"HUN_2016_NETFITprimary","Hungary",2016,,,,,,
"HUN_2016_NETFITsecondary","Hungary",2016,,,,,,
"HUN_2017_NETFITprimary","Hungary",2017,,,,,,
"HUN_2017_NETFITsecondary","Hungary",2017,,,,,,
"HUN_2018_NETFITprimary","Hungary",2018,,,,,,
"HUN_2018_NETFITsecondary","Hungary",2018,,,,,,
"HUN_2019_COSI5","Hungary",2019,,,,,,
"HUN_2019_NETFITprimary","Hungary",2019,,,,,,
"HUN_2019_NETFITsecondary","Hungary",2019,,,,,,
"HUN_2019_OTAP","Hungary",2019,,,,,,
"HUN_2022_COSI6","Hungary",2022,,,,,,
"HUN_2022_NETFITprimary","Hungary",2022,,,,,,
"HUN_2022_NETFITsecondary","Hungary",2022,,,,,,
"HUN_2023_NETFITprimary","Hungary",2023,,,,,,
"HUN_2023_NETFITsecondary","Hungary",2023,,,,,,
"HUN_2024_NETFITprimary","Hungary",2024,,,,,,
"HUN_2024_NETFITsecondary","Hungary",2024,,,,,,
"IDN_1985_5360049","Indonesia",1985,,,,,,
"IDN_1994_IFLS","Indonesia",1994,,,,,,
"IDN_1998_IFLS","Indonesia",1998,,,,,,
"IDN_2001_5360073","Indonesia",2001,,,,,,
"IDN_2001_5360601","Indonesia",2001,,,,,,
"IDN_2001_IFLS","Indonesia",2001,"nonFU",,,,"nonFU",
"IDN_2003_GESOPA","Indonesia",2003,"nonFU",,,,"nonFU",
"IDN_2003_GESOPB","Indonesia",2003,"nonFU",,,,"nonFU",
"IDN_2006_5360059","Indonesia",2006,,,,,,
"IDN_2007_RISKESDAS","Indonesia",2007,"nonFU",,,,"nonFU",
"IDN_2008_IFLS","Indonesia",2008,"nonFU",,,,"nonFU",
"IDN_2011_SEANUTS","Indonesia",2011,,,,,,
"IDN_2013_RISKESDAS","Indonesia",2013,"nonFU",,,,"nonFU",
"IDN_2015_GSHS","Indonesia",2015,,,,,,
"IDN_2015_IFLS","Indonesia",2015,"nonFU",,,,"nonFU",
"IDN_2018_RISKESDAS","Indonesia",2018,"nonFU",,,,"nonFU",
"IND_1977_NNMB","India",1977,,,,,,
"IND_1983_Bengali","India",1983,,,,,,
"IND_1986_INTERSALT","India",1986,,,,,,
"IND_1989_citRamachandran","India",1989,,,,,,
"IND_1990_NNMB","India",1990,,,,,,
"IND_1993_43560281","India",1993,,,,,,
"IND_1993_43560282","India",1993,,,,,,
"IND_1993_43560971","India",1993,,,,,,
"IND_1993_43560972","India",1993,,,,,,
"IND_1993_JHW","India",1993,"nonFU",,,,"nonFU",
"IND_1993_JHW1","India",1993,,,,,,
"IND_1993_JHWR","India",1993,,,,,,
"IND_1994_4356026","India",1994,,,,,,
"IND_1994_MCS","India",1994,,,,,,
"IND_1995_citRamachandran","India",1995,"nonFU",,,,"nonFU",
"IND_1996_4356101","India",1996,,,,,,
"IND_1996_ACES","India",1996,,,,,,
"IND_1996_EPIBPAP","India",1996,,,,,,
"IND_1997_NNMB","India",1997,,,,,,
"IND_1997_citRamachandran","India",1997,"nonFU",,,,"nonFU",
"IND_1998_CUPS","India",1998,,,,,,
"IND_1999_DHS","India",1999,,,,,,
"IND_2000_4356059","India",2000,,,,,,
"IND_2000_JHW2","India",2000,"nonFU",,,,"nonFU",
"IND_2000_VBC","India",2000,"nonFU",,,,"nonFU",
"IND_2000_citRamachandran","India",2000,"nonFU",,,,"nonFU",
"IND_2001_Bengali","India",2001,,,,,,
"IND_2001_NDBC","India",2001,"nonFU",,,,"nonFU",
"IND_2001_NNMB","India",2001,,,,,,
"IND_2003_CURES","India",2003,"nonFU",,"nonFU","nonFU","nonFU",
"IND_2003_EPIBPO","India",2003,,,,,,
"IND_2004_CGS","India",2004,,,,,,
"IND_2004_JHW3","India",2004,"nonFU",,,,"nonFU",
"IND_2004_KOCHI","India",2004,,,,,,
"IND_2004_STEPS-Ballabgarh-rural","India",2004,,,,,,
"IND_2004_STEPS-Ballabgarh-urban","India",2004,,,,,,
"IND_2004_STEPS-Chennai-rural","India",2004,,,,,,
"IND_2004_STEPS-Chennai-urban","India",2004,,,,,,
"IND_2004_STEPS-Delhi-urban","India",2004,,,,,,
"IND_2004_STEPS-Dibrugarh-rural","India",2004,,,,,,
"IND_2004_STEPS-Dibrugarh-urban","India",2004,,,,,,
"IND_2004_STEPS-Nagpur-rural","India",2004,,,,,,
"IND_2004_STEPS-Nagpur-urban","India",2004,,,,,,
"IND_2004_STEPS-Trivandrum-rural","India",2004,,,,,,
"IND_2004_STEPS-Trivandrum-urban","India",2004,,,,,,
"IND_2005_IHDS","India",2005,,,,,,
"IND_2006_DHS","India",2006,,,,,,
"IND_2006_IJMRNCD","India",2006,"nonFU",,,,"nonFU",
"IND_2006_KOCHI","India",2006,,,,,,
"IND_2006_NNMB","India",2006,"nonFU",,,,"nonFU",
"IND_2006_TAMIL","India",2006,,,,,,
"IND_2006_citRamachandran","India",2006,"nonFU",,,,"nonFU",
"IND_2007_4356102","India",2007,,,,,,
"IND_2007_CIEMS","India",2007,,,,,,
"IND_2007_JHW4","India",2007,"nonFU",,,,"nonFU",
"IND_2007_NINSS","India",2007,,,,,,
"IND_2008_Bengali","India",2008,,,,,,
"IND_2008_Hyderabad","India",2008,"nonFU",,"nonFU","nonFU","nonFU",
"IND_2008_IDSP-Andhra","India",2008,,,,,,
"IND_2008_IDSP-Kerala","India",2008,,,,,,
"IND_2008_IDSP-Madhya","India",2008,,,,,,
"IND_2008_IDSP-Maharashtra","India",2008,,,,,,
"IND_2008_IDSP-Mizoram","India",2008,,,,,,
"IND_2008_IDSP-Tamil","India",2008,,,,,,
"IND_2008_IDSP-Uttrakhand","India",2008,,,,,,
"IND_2008_NDBC","India",2008,"FU","No","No",,"FU",
"IND_2008_Nagpur","India",2008,,,,,,
"IND_2008_SAGE","India",2008,"nonFU",,,,"nonFU",
"IND_2009_INDIAB","India",2009,"nonFU",,"nonFU","nonFU",,
"IND_2010_JHW5","India",2010,"nonFU",,,,"nonFU",
"IND_2010_Kerala","India",2010,"nonFU",,,,"nonFU",
"IND_2010_NCDGD-rural","India",2010,"nonFU",,,,"nonFU",
"IND_2010_NCDGD-urban","India",2010,"nonFU",,,,"nonFU",
"IND_2010_ORANGEI","India",2010,,,,,,
"IND_2010_ORANGEschool","India",2010,,,,,,
"IND_2011_CARRS","India",2011,"nonFU",,"nonFU","nonFU","nonFU",
"IND_2011_LASI","India",2011,,,,,,
"IND_2012_EBP","India",2012,,,,,,
"IND_2012_IHDS","India",2012,,,,,,
"IND_2012_ISCOLE","India",2012,,,,,,
"IND_2012_NNMB","India",2012,"nonFU",,,,"nonFU",
"IND_2013_ASC","India",2013,,,,,,
"IND_2013_DLHS4CAB","India",2013,,,,,,
"IND_2013_INDIAB","India",2013,"nonFU",,"nonFU","nonFU",,
"IND_2013_JHW6","India",2013,"nonFU",,,,"nonFU",
"IND_2013_processedfoodsRural","India",2013,"nonFU",,,,"nonFU",
"IND_2014_AHSCAB","India",2014,,,,,,
"IND_2014_INDIAB","India",2014,"nonFU",,"nonFU","nonFU",,
"IND_2014_VBC","India",2014,"FU","No","No",,"FU",
"IND_2015_CHIRI-RV","India",2015,"nonFU",,"nonFU","nonFU","nonFU",
"IND_2015_CHIRI-TR","India",2015,"nonFU",,,,"nonFU",
"IND_2015_CHIRI-WG","India",2015,"nonFU",,,,"nonFU",
"IND_2016_DHS","India",2016,,,,,,
"IND_2016_NNMB","India",2016,"nonFU",,,,"nonFU",
"IND_2017_ORANGEII","India",2017,,,,,,
"IND_2017_STRiDE-I","India",2017,"nonFU",,,,"nonFU",
"IND_2018_INDIAB","India",2018,,,,,,
"IND_2018_LASI","India",2018,"nonFU",,,,"nonFU",
"IND_2018_NNMS","India",2018,,,,,,
"IND_2018_VBC","India",2018,"FU","No","No",,"FU",
"IND_2019_INDIAB","India",2019,,,,,,
"IND_2020_DHS","India",2020,"nonFU",,,,"nonFU",
"IND_2020_HTRajasthan","India",2020,"nonFU",,,,"nonFU",
"IND_2020_INDIAB","India",2020,,,,,,
"IND_2020_TREND","India",2020,,"No",,,,
"IND_2021_STEPS","India",2021,"nonFU",,,,"nonFU",
"IND_2022_GSHS","India",2022,,,,,,
"IRL_1998_NSIFCS","Ireland",1998,,,,,,
"IRL_1998_SLAN","Ireland",1998,,,,,,
"IRL_2002_SLAN","Ireland",2002,"nonFU",,,,"nonFU",
"IRL_2004_NCFS","Ireland",2004,,,,,,
"IRL_2006_NTFS","Ireland",2006,,,,,,
"IRL_2007_SLAN","Ireland",2007,"nonFU",,,,"nonFU",
"IRL_2008_COSI1","Ireland",2008,,,,,,
"IRL_2008_GUIchild","Ireland",2008,,,,,,
"IRL_2009_NANS","Ireland",2009,,,,,,
"IRL_2010_COSI2","Ireland",2010,,,,,,
"IRL_2010_TILDA","Ireland",2010,"nonFU",,,,"nonFU",
"IRL_2010_citMurtaghA","Ireland",2010,,,,,,
"IRL_2010_citMurtaghB","Ireland",2010,,,,,,
"IRL_2010_citMurtaghC","Ireland",2010,,,,,,
"IRL_2010_citMurtaghD","Ireland",2010,,,,,,
"IRL_2011_GUIchild","Ireland",2011,,,,,,
"IRL_2013_COSI3","Ireland",2013,,,,,,
"IRL_2013_GUIinfant","Ireland",2013,,,,,,
"IRL_2014_TILDA","Ireland",2014,,"IRL_2010_TILDA",,,,
"IRL_2015_ACS","Ireland",2015,,,,,,
"IRL_2015_Spraoi","Ireland",2015,,,,,,
"IRL_2016_COSI4","Ireland",2016,,,,,,
"IRL_2016_GUIchild","Ireland",2016,,,,,,
"IRL_2016_GUIinfant","Ireland",2016,,,,,,
"IRL_2017_GUIinfant","Ireland",2017,,,,,,
"IRL_2018_NCFSII","Ireland",2018,,,,,,
"IRL_2019_COSI5","Ireland",2019,,,,,,
"IRL_2019_GUIchild","Ireland",2019,,,,,,
"IRL_2020_NTFSII","Ireland",2020,,,,,,
"IRL_2022_COSI6","Ireland",2022,,,,,,
"IRN_1991_NHS","Iran",1991,,,,,,
"IRN_1998_15364082","Iran",1998,,,,,,
"IRN_2000_15364103","Iran",2000,,,,,,
"IRN_2000_NHS","Iran",2000,,,,,,
"IRN_2000_TLGS","Iran",2000,,,,,,
"IRN_2001_IHHP-Arak-rural","Iran",2001,"nonFU",,,,"nonFU",
"IRN_2001_IHHP-Arak-urban","Iran",2001,"nonFU",,,,"nonFU",
"IRN_2001_IHHP-Isfahan-rural","Iran",2001,"nonFU",,,,"nonFU",
"IRN_2001_IHHP-Isfahan-urban","Iran",2001,"nonFU",,,,"nonFU",
"IRN_2001_IHHP-Najaf_Abad-rural","Iran",2001,"nonFU",,,,"nonFU",
"IRN_2001_IHHP-Najaf_Abad-urban","Iran",2001,"nonFU",,,,"nonFU",
"IRN_2001_IHHPS-Arak-rural","Iran",2001,,,,,,
"IRN_2001_IHHPS-Arak-urban","Iran",2001,,,,,,
"IRN_2001_IHHPS-Isfahan-rural","Iran",2001,,,,,,
"IRN_2001_IHHPS-Isfahan-urban","Iran",2001,,,,,,
"IRN_2001_IHHPS-Najaf_Abad-rural","Iran",2001,,,,,,
"IRN_2001_IHHPS-Najaf_Abad-urban","Iran",2001,,,,,,
"IRN_2003_TLGS","Iran",2003,,"IRN_2000_TLGS",,,,
"IRN_2004_15364059","Iran",2004,,,,,,
"IRN_2004_CASPIAN","Iran",2004,,,,,,
"IRN_2004_PGHHS","Iran",2004,"nonFU",,,,"nonFU",
"IRN_2005_STEPS","Iran",2005,"nonFU",,,,"nonFU",
"IRN_2005_citDastgiri","Iran",2005,,,,,,
"IRN_2006_15364074","Iran",2006,,,,,,
"IRN_2006_GCSrural","Iran",2006,"nonFU",,,,"nonFU",
"IRN_2006_GCSurban","Iran",2006,"nonFU",,,,"nonFU",
"IRN_2006_STEPS","Iran",2006,"nonFU",,,,"nonFU",
"IRN_2006_TLGS","Iran",2006,,"IRN_2000_TLGS",,,,
"IRN_2007_IHHP-Arak-rural","Iran",2007,"nonFU",,,,"nonFU",
"IRN_2007_IHHP-Arak-urban","Iran",2007,"nonFU",,,,"nonFU",
"IRN_2007_IHHP-Isfahan-rural","Iran",2007,"nonFU",,,,"nonFU",
"IRN_2007_IHHP-Isfahan-urban","Iran",2007,"nonFU",,,,"nonFU",
"IRN_2007_IHHP-Najaf_Abad-rural","Iran",2007,"nonFU",,,,"nonFU",
"IRN_2007_IHHP-Najaf_Abad-urban","Iran",2007,"nonFU",,,,"nonFU",
"IRN_2007_IHHPS-Arak-rural","Iran",2007,,,,,,
"IRN_2007_IHHPS-Arak-urban","Iran",2007,,,,,,
"IRN_2007_IHHPS-Isfahan-rural","Iran",2007,,,,,,
"IRN_2007_IHHPS-Isfahan-urban","Iran",2007,,,,,,
"IRN_2007_IHHPS-Najaf_Abad-rural","Iran",2007,,,,,,
"IRN_2007_IHHPS-Najaf_Abad-urban","Iran",2007,,,,,,
"IRN_2007_STEPS-n","Iran",2007,"nonFU",,,,"nonFU",
"IRN_2007_STEPS-p","Iran",2007,"nonFU",,,,"nonFU",
"IRN_2008_STEPS","Iran",2008,"nonFU",,,,"nonFU",
"IRN_2009_STEPS","Iran",2009,"nonFU",,,,"nonFU",
"IRN_2010_CASPIAN","Iran",2010,,,,,,
"IRN_2010_PGHHS","Iran",2010,"nonFU",,,,"nonFU",
"IRN_2010_TLGS","Iran",2010,,,,,,
"IRN_2011_GCSrural","Iran",2011,"FU","No","No",,"FU",
"IRN_2011_GCSurban","Iran",2011,"FU","No","No",,"FU",
"IRN_2011_STEPS","Iran",2011,"nonFU",,,,"nonFU",
"IRN_2011_YES","Iran",2011,,,,,,
"IRN_2012_Amolrural","Iran",2012,"nonFU",,,,"nonFU",
"IRN_2012_Amolurban","Iran",2012,"nonFU",,,,"nonFU",
"IRN_2012_CASPIAN","Iran",2012,,,,,,
"IRN_2012_NIMS2","Iran",2012,,,,,,
"IRN_2012_Tehran","Iran",2012,"nonFU",,,,"nonFU",
"IRN_2013_PCS","Iran",2013,"nonFU",,,,"nonFU",
"IRN_2013_TLGS","Iran",2013,,"IRN_2000_TLGS",,,,
"IRN_2013_Zahedan","Iran",2013,"nonFU",,,,"nonFU",
"IRN_2014_BEHP","Iran",2014,"nonFU",,,,"nonFU",
"IRN_2014_GES","Iran",2014,"nonFU",,"nonFU","nonFU","nonFU",
"IRN_2014_ISS","Iran",2014,,,,,,
"IRN_2015_CASPIAN","Iran",2015,,,,,,
"IRN_2015_Fasarural","Iran",2015,"nonFU",,,,"nonFU",
"IRN_2015_Fasaurban","Iran",2015,"nonFU",,,,"nonFU",
"IRN_2015_Guilanrural","Iran",2015,"nonFU",,,,"nonFU",
"IRN_2015_Guilanurban","Iran",2015,"nonFU",,,,"nonFU",
"IRN_2015_ISMD","Iran",2015,,,,,,
"IRN_2015_Kermanshahrural","Iran",2015,"nonFU",,,,"nonFU",
"IRN_2015_Kermanshahurban","Iran",2015,"nonFU",,,,"nonFU",
"IRN_2015_Kharamehrural","Iran",2015,"nonFU",,,,"nonFU",
"IRN_2015_Kharamehurban","Iran",2015,"nonFU",,,,"nonFU",
"IRN_2015_Tabrizrural","Iran",2015,"nonFU",,,,"nonFU",
"IRN_2015_Tabrizurban","Iran",2015,"nonFU",,,,"nonFU",
"IRN_2015_YaHS","Iran",2015,,,,,,
"IRN_2016_Mazandaranrural","Iran",2016,"nonFU",,,,"nonFU",
"IRN_2016_Mazandaranurban","Iran",2016,"nonFU",,,,"nonFU",
"IRN_2016_Rafsanjanrural","Iran",2016,"nonFU",,,,"nonFU",
"IRN_2016_Rafsanjanurban","Iran",2016,"nonFU",,,,"nonFU",
"IRN_2016_STEPS","Iran",2016,"nonFU",,"nonFU","nonFU","nonFU",
"IRN_2016_TLGS","Iran",2016,,"IRN_2000_TLGS",,,,
"IRN_2016_Yazd","Iran",2016,"nonFU",,,,"nonFU",
"IRN_2017_Ahvazrural","Iran",2017,"nonFU",,,,"nonFU",
"IRN_2017_Ahvazurban","Iran",2017,"nonFU",,,,"nonFU",
"IRN_2017_BandarKongrural","Iran",2017,"nonFU",,,,"nonFU",
"IRN_2017_BandarKongurban","Iran",2017,"nonFU",,,,"nonFU",
"IRN_2017_IRCAP","Iran",2017,,,,,,
"IRN_2017_Urmiarural","Iran",2017,"nonFU",,,,"nonFU",
"IRN_2017_Urmiaurban","Iran",2017,"nonFU",,,,"nonFU",
"IRN_2017_Zahedan","Iran",2017,"nonFU",,,,"nonFU",
"IRN_2018_Ardabil","Iran",2018,"nonFU",,,,"nonFU",
"IRN_2018_Denarural","Iran",2018,"nonFU",,,,"nonFU",
"IRN_2018_Denaurban","Iran",2018,"nonFU",,,,"nonFU",
"IRN_2018_Kavar","Iran",2018,"nonFU",,,,"nonFU",
"IRN_2018_Khoozestan","Iran",2018,"nonFU",,,,"nonFU",
"IRN_2018_Nelsa","Iran",2018,"nonFU",,,,"nonFU",
"IRN_2018_Sabzevar","Iran",2018,"nonFU",,,,"nonFU",
"IRN_2018_Shahrekordrural","Iran",2018,"nonFU",,,,"nonFU",
"IRN_2018_Shahrekordurban","Iran",2018,"nonFU",,,,"nonFU",
"IRN_2018_easterniran","Iran",2018,"nonFU",,,,"nonFU",
"IRN_2019_BEHS","Iran",2019,,"No",,,,
"IRN_2019_Dehgolan","Iran",2019,"nonFU",,,,"nonFU",
"IRN_2020_TLGS","Iran",2020,,"IRN_2000_TLGS",,,,
"IRN_2021_STEPS","Iran",2021,"nonFU",,"nonFU","nonFU","nonFU",
"IRQ_2006_STEPS","Iraq",2006,,,,,,
"IRQ_2014_SlemaniSecondary","Iraq",2014,,,,,,
"IRQ_2015_STEPS","Iraq",2015,"nonFU",,,,"nonFU",
"ISL_1980_RVKSTM","Iceland",1980,,,,,,
"ISL_1983_MONICA-Arnes","Iceland",1983,,,,,,
"ISL_1983_MONICA-Reyk","Iceland",1983,,,,,,
"ISL_1983_RVKSTW","Iceland",1983,,,,,,
"ISL_1984_YRVKST","Iceland",1984,,,,,,
"ISL_1985_INTERSALT","Iceland",1985,,,,,,
"ISL_1986_RVKSTM","Iceland",1986,,,,,,
"ISL_1989_MONICA-Arnes","Iceland",1989,,,,,,
"ISL_1989_MONICA-Reyk","Iceland",1989,,,,,,
"ISL_1989_RVKSTW","Iceland",1989,,,,,,
"ISL_1993_MONICA-Arnes","Iceland",1993,,,,,,
"ISL_1993_MONICA-Reyk","Iceland",1993,,,,,,
"ISL_1993_RVKSTM","Iceland",1993,,,,,,
"ISL_1995_RVKSTW","Iceland",1995,,,,,,
"ISL_2002_YRVKST","Iceland",2002,,,,,,
"ISL_2004_AGES","Iceland",2004,,,,,,
"ISL_2008_REFINE","Iceland",2008,,,,,,
"ISL_2009_AGESII","Iceland",2009,,,,,,
"ISL_2011_REFINELO","Iceland",2011,,,,,,
"ISL_2013_REFLOCT","Iceland",2013,,,,,,
"ISR_1977_CON","Israel",1977,,,,,,
"ISR_1982_CON","Israel",1982,,,,,,
"ISR_1986_MONICA-TELa","Israel",1986,,,,,,
"ISR_1987_CON","Israel",1987,,,,,,
"ISR_1991_JLCS","Israel",1991,,,,,,
"ISR_1992_CON","Israel",1992,,,,,,
"ISR_1997_CON","Israel",1997,,,,,,
"ISR_1998_JLCS","Israel",1998,,,,,,
"ISR_2000_MABAT","Israel",2000,,,,,,
"ISR_2002_CON","Israel",2002,,,,,,
"ISR_2002_GOH","Israel",2002,"nonFU",,,,"nonFU",
"ISR_2003_MABATY","Israel",2003,,,,,,
"ISR_2005_HDS","Israel",2005,"nonFU",,,,"nonFU",
"ISR_2006_JLCS","Israel",2006,,,,,,
"ISR_2006_ZAHAV","Israel",2006,,,,,,
"ISR_2007_CON","Israel",2007,,,,,,
"ISR_2011_JLCS","Israel",2011,,,,,,
"ISR_2012_CON","Israel",2012,,,,,,
"ISR_2015_HDS","Israel",2015,,,,,,
"ISR_2015_MABAT","Israel",2015,,,,,,
"ISR_2015_MABATY","Israel",2015,,,,,,
"ISR_2015_ZAHAV","Israel",2015,,,,,,
"ISR_2016_JLCS","Israel",2016,,,,,,
"ISR_2016_MABATrural","Israel",2016,,,,,,
"ISR_2016_MABATurban","Israel",2016,,,,,,
"ISR_2017_CON","Israel",2017,,,,,,
"ISR_2019_COSI5","Israel",2019,,,,,,
"ISR_2023_COSI6","Israel",2023,,,,,,
"ITA_1981_PoDelta","Italy",1981,,,,,,
"ITA_1984_Gubbio","Italy",1984,,,,,,
"ITA_1984_MATISS","Italy",1984,,,,,,
"ITA_1984_MONICA-Latina","Italy",1984,,,,,,
"ITA_1985_FINE","Italy",1985,,,,,,
"ITA_1985_INTERSALT-Naples","Italy",1985,,,,,,
"ITA_1986_INTERSALT-Bassiano","Italy",1986,,,,,,
"ITA_1986_INTERSALT-Mirano","Italy",1986,,,,,,
"ITA_1986_MONICA-FRIa","Italy",1986,,,,,,
"ITA_1987_MATISS","Italy",1987,,,,,,
"ITA_1987_MONICAbrianza","Italy",1987,,,,,,
"ITA_1987_PISA","Italy",1987,,,,,,
"ITA_1989_MONICA-FRIa","Italy",1989,,,,,,
"ITA_1989_VHS","Italy",1989,,,,,,
"ITA_1990_BRUNECKstudy","Italy",1990,"nonFU",,,,"nonFU",
"ITA_1990_MONICAbrianza","Italy",1990,,,,,,
"ITA_1990_PoDelta","Italy",1990,,,,,,
"ITA_1991_FINE","Italy",1991,,,,,,
"ITA_1991_Gubbio","Italy",1991,"nonFU",,,,"nonFU",
"ITA_1992_PISA","Italy",1992,,,,,,
"ITA_1993_ILSA","Italy",1993,,,,,,
"ITA_1994_MATISS","Italy",1994,"nonFU",,,,"nonFU",
"ITA_1994_MONICA-FRIa","Italy",1994,,,,,,
"ITA_1994_MONICAbrianza","Italy",1994,,,,,,
"ITA_1995_10380344","Italy",1995,,,,,,
"ITA_1995_BRUNECKstudy","Italy",1995,,,,,,
"ITA_1996_EPICflorence","Italy",1996,"nonFU",,,,"nonFU",
"ITA_1996_Friuli","Italy",1996,"nonFU",,,,"nonFU",
"ITA_1996_ILSA","Italy",1996,,,,,,
"ITA_1997_PROVA","Italy",1997,,,,,,
"ITA_1998_10380456","Italy",1998,,,,,,
"ITA_1999_10380346","Italy",1999,,,,,,
"ITA_1999_VIP","Italy",1999,"nonFU",,,,"nonFU",
"ITA_2000_BRUNECKstudy","Italy",2000,"nonFU",,"nonFU","nonFU",,
"ITA_2000_OEC","Italy",2000,"nonFU",,,,"nonFU",
"ITA_2000_SoNIA","Italy",2000,,,,,,
"ITA_2001_ILSA","Italy",2001,,,,,,
"ITA_2001_SoNIA","Italy",2001,,,,,,
"ITA_2002_ASTI","Italy",2002,"nonFU",,,,"nonFU",
"ITA_2002_PROVA","Italy",2002,,,,,,
"ITA_2003_EMAS","Italy",2003,"nonFU",,,,"nonFU",
"ITA_2003_SoNIA","Italy",2003,,,,,,
"ITA_2004_Gubbio","Italy",2004,,,,,,
"ITA_2004_PROVA","Italy",2004,,,,,,
"ITA_2005_BRUNECKstudy","Italy",2005,"FU","ITA_2000_BRUNECKstudy","No","FU","FU",
"ITA_2005_IPREA","Italy",2005,,,,,,
"ITA_2005_Vobarno","Italy",2005,,,,,,
"ITA_2006_CLP","Italy",2006,,,,,,
"ITA_2006_MOLIF","Italy",2006,"nonFU",,,,"nonFU",
"ITA_2007_HELENA","Italy",2007,,,,,,
"ITA_2008_COSI1","Italy",2008,,,,,,
"ITA_2008_EMAS","Italy",2008,"FU","No","No",,"FU",
"ITA_2008_MAREA","Italy",2008,,,,,,
"ITA_2008_Moli","Italy",2008,"nonFU",,,,"nonFU",
"ITA_2009_IDEFICS","Italy",2009,,,,,,
"ITA_2009_VIP","Italy",2009,"nonFU",,,,"nonFU",
"ITA_2009_ZOOM8","Italy",2009,,,,,,
"ITA_2010_BRUNECKstudy","Italy",2010,"FU","ITA_2005_BRUNECKstudy","No","FU","FU",
"ITA_2010_COSI2","Italy",2010,,,,,,
"ITA_2010_OEC","Italy",2010,"nonFU",,,,"nonFU",
"ITA_2010_PISA","Italy",2010,,,,,,
"ITA_2010_citGrosso","Italy",2010,,,,,,
"ITA_2011_CAMELIA","Italy",2011,"nonFU",,,,"nonFU",
"ITA_2011_CONVERGI","Italy",2011,,,,,,
"ITA_2011_citGrosso-rural","Italy",2011,,,,,,
"ITA_2011_citGrosso-urban","Italy",2011,,,,,,
"ITA_2012_ALIADO","Italy",2012,,,,,,
"ITA_2012_COSI3","Italy",2012,,,,,,
"ITA_2012_Vobarno","Italy",2012,,,,,,
"ITA_2013_citGrosso","Italy",2013,,,,,,
"ITA_2014_OKkio","Italy",2014,,,,,,
"ITA_2015_BRUNECKstudy","Italy",2015,"FU","ITA_2010_BRUNECKstudy","No","FU",,
"ITA_2015_MEAL","Italy",2015,,,,,,
"ITA_2016_COSI4","Italy",2016,,,,,,
"ITA_2016_EVA","Italy",2016,,,,,,
"ITA_2018_VIP","Italy",2018,"nonFU",,,,"nonFU",
"ITA_2019_COSI5","Italy",2019,,,,,,
"ITA_2019_CUOREHES","Italy",2019,"nonFU",,,,"nonFU",
"ITA_2019_Moli","Italy",2019,"nonFU",,,,"nonFU",
"ITA_2023_COSI6","Italy",2023,,,,,,
"JAM_1993_7388023","Jamaica",1993,,,,,,
"JAM_1995_7388002","Jamaica",1995,,,,,,
"JAM_1998_OCJE","Jamaica",1998,,,,,,
"JAM_2001_JHLS","Jamaica",2001,"nonFU",,,,"nonFU",
"JAM_2005_JYRBS","Jamaica",2005,,,,,,
"JAM_2007_JYRRBS","Jamaica",2007,,,,,,
"JAM_2008_JHLS","Jamaica",2008,"nonFU",,,,"nonFU",
"JAM_2010_GSHS","Jamaica",2010,,,,,,
"JAM_2012_OPJ","Jamaica",2012,,,,,,
"JAM_2017_JHLS","Jamaica",2017,"nonFU",,"nonFU","nonFU","nonFU",
"JAM_2023_GSHS","Jamaica",2023,,,,,,
"JOR_1995_15400012","Jordan",1995,,,,,,
"JOR_1997_DHS","Jordan",1997,,,,,,
"JOR_2002_DHS","Jordan",2002,,,,,,
"JOR_2004_15400102","Jordan",2004,,,,,,
"JOR_2004_BRFSS","Jordan",2004,"nonFU",,,,"nonFU",
"JOR_2007_BRFSS","Jordan",2007,"nonFU",,,,"nonFU",
"JOR_2007_DHS","Jordan",2007,,,,,,
"JOR_2009_DHS","Jordan",2009,,,,,,
"JOR_2009_MAVDS","Jordan",2009,"nonFU",,,,"nonFU",
"JOR_2012_DHS","Jordan",2012,,,,,,
"JOR_2015_JordanSchoolsrural","Jordan",2015,,,,,,
"JOR_2015_JordanSchoolsurban","Jordan",2015,,,,,,
"JOR_2016_NCDDS","Jordan",2016,"nonFU",,"nonFU","nonFU","nonFU",
"JOR_2018_DHS","Jordan",2018,,,,,,
"JOR_2019_AmmanSchools","Jordan",2019,,,,,,
"JOR_2019_JNMNS","Jordan",2019,,,,,,
"JOR_2019_JNMNSw","Jordan",2019,,,,,,
"JOR_2019_STEPS","Jordan",2019,"nonFU",,,,"nonFU",
"JOR_2022_JPFCS","Jordan",2022,,,,,,
"JOR_2023_DHS","Jordan",2023,,,,,,
"JOR_2025_STEPS","Jordan",2025,,"No",,,,
"JPN_1977_NNS","Japan",1977,,,,,,
"JPN_1978_NNS","Japan",1978,,,,,,
"JPN_1979_NNS","Japan",1979,,,,,,
"JPN_1980_NNS","Japan",1980,,,,,,
"JPN_1981_APCSC-Aito","Japan",1981,,,,,,
"JPN_1981_NNS","Japan",1981,,,,,,
"JPN_1982_NNS","Japan",1982,,,,,,
"JPN_1983_NNS","Japan",1983,,,,,,
"JPN_1984_NNS","Japan",1984,,,,,,
"JPN_1985_INTERSALT-Osaka","Japan",1985,,,,,,
"JPN_1985_INTERSALT-Tochigi","Japan",1985,,,,,,
"JPN_1985_INTERSALT-Toyama","Japan",1985,,,,,,
"JPN_1985_NNS","Japan",1985,,,,,,
"JPN_1986_APCSC-Akabane","Japan",1986,,,,,,
"JPN_1986_NNS","Japan",1986,,,,,,
"JPN_1987_APCSC-Konan","Japan",1987,,,,,,
"JPN_1987_NNS","Japan",1987,,,,,,
"JPN_1988_APCSC-Konan","Japan",1988,,,,,,
"JPN_1988_HiS","Japan",1988,,,,,,
"JPN_1988_NNS","Japan",1988,,,,,,
"JPN_1989_1392901","Japan",1989,,,,,,
"JPN_1989_APCSC-Konan","Japan",1989,,,,,,
"JPN_1989_NNS","Japan",1989,,,,,,
"JPN_1990_APCSC-Konan","Japan",1990,,,,,,
"JPN_1990_NNS","Japan",1990,,,,,,
"JPN_1991_APCSC-Konan","Japan",1991,,,,,,
"JPN_1991_APCSC-Shigaraki","Japan",1991,,,,,,
"JPN_1991_NNS","Japan",1991,,,,,,
"JPN_1992_APCSC-Konan","Japan",1992,,,,,,
"JPN_1992_APCSC-Shigaraki","Japan",1992,,,,,,
"JPN_1992_JPHC1","Japan",1992,,,,,,
"JPN_1992_NNS","Japan",1992,,,,,,
"JPN_1993_APCSC-Konan","Japan",1993,,,,,,
"JPN_1993_APCSC-Shigaraki","Japan",1993,,,,,,
"JPN_1993_Iwata","Japan",1993,,,,,,
"JPN_1993_NNS","Japan",1993,,,,,,
"JPN_1994_1392059","Japan",1994,,,,,,
"JPN_1994_APCSC-Konan","Japan",1994,,,,,,
"JPN_1994_APCSC-Shigaraki","Japan",1994,,,,,,
"JPN_1994_Iwata","Japan",1994,,,,,,
"JPN_1994_JPHC2","Japan",1994,,,,,,
"JPN_1994_NNS","Japan",1994,,,,,,
"JPN_1995_APCSC-Konan","Japan",1995,,,,,,
"JPN_1995_APCSC-Shigaraki","Japan",1995,,,,,,
"JPN_1995_Iwata","Japan",1995,,,,,,
"JPN_1995_NNS","Japan",1995,,,,,,
"JPN_1996_APCSC-Shigaraki","Japan",1996,,,,,,
"JPN_1996_Iwata","Japan",1996,,,,,,
"JPN_1996_NNS","Japan",1996,,,,,,
"JPN_1997_APCSC-Shigaraki","Japan",1997,,,,,,
"JPN_1997_INTERMAP-AitoTown","Japan",1997,,,,,,
"JPN_1997_Iwata","Japan",1997,,,,,,
"JPN_1997_NNS","Japan",1997,,,,,,
"JPN_1998_INTERMAP-Sapporo","Japan",1998,,,,,,
"JPN_1998_INTERMAP-Toyama","Japan",1998,,,,,,
"JPN_1998_INTERMAP-Wakayama","Japan",1998,,,,,,
"JPN_1998_Iwata","Japan",1998,,,,,,
"JPN_1998_NNS","Japan",1998,,,,,,
"JPN_1998_Niigata","Japan",1998,,,,,,
"JPN_1999_1392060","Japan",1999,,,,,,
"JPN_1999_Iwata","Japan",1999,,,,,,
"JPN_1999_NNS","Japan",1999,,,,,,
"JPN_1999_Niigata","Japan",1999,,,,,,
"JPN_2000_Iwata","Japan",2000,,,,,,
"JPN_2000_NNS","Japan",2000,,,,,,
"JPN_2000_Niigata","Japan",2000,,,,,,
"JPN_2001_Iwata","Japan",2001,,,,,,
"JPN_2001_JAHSD","Japan",2001,,,,,,
"JPN_2001_NNS","Japan",2001,,,,,,
"JPN_2001_Niigata","Japan",2001,,,,,,
"JPN_2002_Iwata","Japan",2002,,,,,,
"JPN_2002_NNS","Japan",2002,,,,,,
"JPN_2002_Niigata","Japan",2002,,,,,,
"JPN_2003_HiS","Japan",2003,,,,,,
"JPN_2003_Iwata","Japan",2003,,,,,,
"JPN_2003_NHNS","Japan",2003,,,,,,
"JPN_2003_Niigata","Japan",2003,,,,,,
"JPN_2004_Iwata","Japan",2004,,,,,,
"JPN_2004_NHNS","Japan",2004,,,,,,
"JPN_2004_Niigata","Japan",2004,,,,,,
"JPN_2005_Iwata","Japan",2005,,,,,,
"JPN_2005_NHNS","Japan",2005,,,,,,
"JPN_2005_Niigata","Japan",2005,,,,,,
"JPN_2006_Iwata","Japan",2006,,,,,,
"JPN_2006_NHNS","Japan",2006,,,,,,
"JPN_2006_Niigata","Japan",2006,,,,,,
"JPN_2007_Fukori","Japan",2007,,,,,,
"JPN_2007_Iwata","Japan",2007,,,,,,
"JPN_2007_NHNS","Japan",2007,,,,,,
"JPN_2007_Niigata","Japan",2007,,,,,,
"JPN_2008_1392061","Japan",2008,,,,,,
"JPN_2008_Fukori","Japan",2008,,,,,,
"JPN_2008_Iwata","Japan",2008,,,,,,
"JPN_2008_MEXT","Japan",2008,,,,,,
"JPN_2008_NHNS","Japan",2008,,,,,,
"JPN_2008_Niigata","Japan",2008,,,,,,
"JPN_2009_Fukori","Japan",2009,,,,,,
"JPN_2009_MEXT","Japan",2009,,,,,,
"JPN_2009_NHNS","Japan",2009,,,,,,
"JPN_2010_Fukori","Japan",2010,,,,,,
"JPN_2010_MEXT","Japan",2010,,,,,,
"JPN_2010_NHNS","Japan",2010,,,,,,
"JPN_2011_Fukori","Japan",2011,,,,,,
"JPN_2011_MEXT","Japan",2011,,,,,,
"JPN_2011_NHNS","Japan",2011,,,,,,
"JPN_2011_THSAD","Japan",2011,,,,,,
"JPN_2012_Fukori","Japan",2012,,,,,,
"JPN_2012_MEXT","Japan",2012,,,,,,
"JPN_2012_NHNS","Japan",2012,,,,,,
"JPN_2013_Awaji","Japan",2013,,,,,,
"JPN_2013_Fukori","Japan",2013,,,,,,
"JPN_2013_MEXT","Japan",2013,,,,,,
"JPN_2013_NHNS","Japan",2013,,,,,,
"JPN_2014_Awaji","Japan",2014,,,,,,
"JPN_2014_MEXT","Japan",2014,,,,,,
"JPN_2014_NHNS","Japan",2014,,,,,,
"JPN_2014_NHS","Japan",2014,"nonFU",,,,"nonFU",
"JPN_2014_Nagahama","Japan",2014,,,,,,
"JPN_2015_Awaji","Japan",2015,,,,,,
"JPN_2015_MEXT","Japan",2015,,,,,,
"JPN_2015_NHNS","Japan",2015,,,,,,
"JPN_2016_MEXT","Japan",2016,,,,,,
"JPN_2016_NHNS","Japan",2016,,,,,,
"JPN_2017_MEXT","Japan",2017,,,,,,
"JPN_2017_NHNS","Japan",2017,,,,,,
"JPN_2017_ShizuokaKDB","Japan",2017,,,,,,
"JPN_2017_THSAD","Japan",2017,,,,,,
"JPN_2018_HiS","Japan",2018,,,,,,
"JPN_2018_MEXT","Japan",2018,,,,,,
"JPN_2018_NHNS","Japan",2018,,,,,,
"JPN_2019_MEXT","Japan",2019,,,,,,
"JPN_2019_NHNS","Japan",2019,,,,,,
"JPN_2020_MEXT","Japan",2020,,,,,,
"JPN_2021_MEXT","Japan",2021,,,,,,
"JPN_2022_MEXT","Japan",2022,,,,,,
"JPN_2023_MEXT","Japan",2023,,,,,,
"JPN_2024_MEXT","Japan",2024,,,,,,
"KAZ_1985_2398006","Kazakhstan",1985,,,,,,
"KAZ_1995_DHS","Kazakhstan",1995,,,,,,
"KAZ_1999_DHS","Kazakhstan",1999,,,,,,
"KAZ_2012_HHS","Kazakhstan",2012,"nonFU",,,,"nonFU",
"KAZ_2015_Almaty","Kazakhstan",2015,"nonFU",,,,"nonFU",
"KAZ_2015_Shymkent","Kazakhstan",2015,"nonFU",,,,"nonFU",
"KAZ_2016_Aktobe","Kazakhstan",2016,"nonFU",,,,"nonFU",
"KAZ_2016_COSI4","Kazakhstan",2016,,,,,,
"KAZ_2019_Karaganda","Kazakhstan",2019,"nonFU",,"nonFU","nonFU","nonFU",
"KAZ_2019_Semey","Kazakhstan",2019,,,,,,
"KAZ_2020_COSI5","Kazakhstan",2020,,,,,,
"KAZ_2022_COSI6","Kazakhstan",2022,,,,,,
"KAZ_2022_PRFNCD","Kazakhstan",2022,,"No",,,,
"KEN_1985_INTERSALT","Kenya",1985,,,,,,
"KEN_1993_DHS","Kenya",1993,,,,,,
"KEN_1998_DHS","Kenya",1998,,,,,,
"KEN_2003_DHS","Kenya",2003,,,,,,
"KEN_2009_DHS","Kenya",2009,,,,,,
"KEN_2011_KNMS","Kenya",2011,,,,,,
"KEN_2012_ISCOLE","Kenya",2012,,,,,,
"KEN_2014_DHS","Kenya",2014,,,,,,
"KEN_2015_STEPS","Kenya",2015,"nonFU",,,,"nonFU",
"KEN_2016_KIHBS","Kenya",2016,,,,,,
"KEN_2018_viwandani","Kenya",2018,,,,,,
"KEN_2022_DHS","Kenya",2022,,,,,,
"KGZ_1993_Povertysurvey","Kyrgyzstan",1993,"nonFU",,,,"nonFU",
"KGZ_1997_DHS","Kyrgyzstan",1997,,,,,,
"KGZ_2007_KIHS","Kyrgyzstan",2007,,,,,,
"KGZ_2012_DHS","Kyrgyzstan",2012,,,,,,
"KGZ_2013_STEPS","Kyrgyzstan",2013,"nonFU",,,,"nonFU",
"KGZ_2015_KIHS","Kyrgyzstan",2015,,,,,,
"KGZ_2016_COSI4","Kyrgyzstan",2016,,,,,,
"KGZ_2021_NIMAS","Kyrgyzstan",2021,,,,,,
"KGZ_2023_COSI6","Kyrgyzstan",2023,,,,,,
"KGZ_2023_STEPS","Kyrgyzstan",2023,,"No",,,,
"KHM_2000_DHS","Cambodia",2000,,,,,,
"KHM_2005_DHS","Cambodia",2005,,,,,,
"KHM_2008_CAS","Cambodia",2008,,,,,,
"KHM_2010_DHS","Cambodia",2010,,,,,,
"KHM_2010_STEPS","Cambodia",2010,"nonFU",,,,"nonFU",
"KHM_2014_DHS","Cambodia",2014,,,,,,
"KHM_2016_STEPS","Cambodia",2016,,"No",,,,
"KHM_2022_DHS","Cambodia",2022,,,,,,
"KHM_2023_STEPS","Cambodia",2023,"nonFU",,,,"nonFU",
"KIR_1981_ESK_rural","Kiribati",1981,,,,,,
"KIR_1981_ESK_urban","Kiribati",1981,,,,,,
"KIR_2004_STEPS","Kiribati",2004,"nonFU",,,,"nonFU",
"KIR_2011_GSHS","Kiribati",2011,,,,,,
"KIR_2016_STEPS","Kiribati",2016,"nonFU",,,,"nonFU",
"KIR_2024_STEPS","Kiribati",2024,,"No",,,,
"KNA_2007_STEPS","Saint Kitts and Nevis",2007,"nonFU",,,,"nonFU",
"KNA_2011_GSHS","Saint Kitts and Nevis",2011,,,,,,
"KOR_1986_INTERSALT","South Korea",1986,,,,,,
"KOR_1990_1410039","South Korea",1990,,,,,,
"KOR_1993_1410002","South Korea",1993,,,,,,
"KOR_1998_KNHANES","South Korea",1998,"nonFU",,,,"nonFU",
"KOR_1998_NASKCA","South Korea",1998,,,,,,
"KOR_1999_conscript","South Korea",1999,,,,,,
"KOR_2000_conscript","South Korea",2000,,,,,,
"KOR_2001_1410063","South Korea",2001,,,,,,
"KOR_2001_KNHANES","South Korea",2001,"nonFU",,,,"nonFU",
"KOR_2001_conscript","South Korea",2001,,,,,,
"KOR_2002_conscript","South Korea",2002,,,,,,
"KOR_2003_KNHI","South Korea",2003,,,,,,
"KOR_2003_conscript","South Korea",2003,,,,,,
"KOR_2004_conscript","South Korea",2004,,,,,,
"KOR_2005_KNHANES","South Korea",2005,"nonFU",,,,"nonFU",
"KOR_2005_KNHI","South Korea",2005,,,,,,
"KOR_2005_NASKCA","South Korea",2005,,,,,,
"KOR_2005_conscript","South Korea",2005,,,,,,
"KOR_2006_conscript","South Korea",2006,,,,,,
"KOR_2007_KNHANES","South Korea",2007,"nonFU",,,,"nonFU",
"KOR_2007_KNHI","South Korea",2007,,,,,,
"KOR_2007_conscript","South Korea",2007,,,,,,
"KOR_2008_KNHANES","South Korea",2008,"nonFU",,,,"nonFU",
"KOR_2008_conscript","South Korea",2008,,,,,,
"KOR_2009_KNHANES","South Korea",2009,"nonFU",,,,"nonFU",
"KOR_2009_KNHI","South Korea",2009,,,,,,
"KOR_2009_KNSHES","South Korea",2009,,,,,,
"KOR_2009_conscript","South Korea",2009,,,,,,
"KOR_2010_JSHS","South Korea",2010,,,,,,
"KOR_2010_KNHANES","South Korea",2010,"nonFU",,,,"nonFU",
"KOR_2010_KNSHES","South Korea",2010,,,,,,
"KOR_2010_conscript","South Korea",2010,,,,,,
"KOR_2011_KNHANES","South Korea",2011,"nonFU",,"nonFU","nonFU","nonFU",
"KOR_2011_KNHI","South Korea",2011,,,,,,
"KOR_2011_KNSHES","South Korea",2011,,,,,,
"KOR_2011_conscript","South Korea",2011,,,,,,
"KOR_2012_KNHANES","South Korea",2012,"nonFU",,"nonFU","nonFU","nonFU",
"KOR_2012_KNSHES","South Korea",2012,,,,,,
"KOR_2012_conscript","South Korea",2012,,,,,,
"KOR_2013_KNHANES","South Korea",2013,"nonFU",,"nonFU","nonFU","nonFU",
"KOR_2013_KNHI","South Korea",2013,,,,,,
"KOR_2013_KNSHES","South Korea",2013,,,,,,
"KOR_2013_PSKC","South Korea",2013,,,,,,
"KOR_2013_conscript","South Korea",2013,,,,,,
"KOR_2014_KNHANES","South Korea",2014,"nonFU",,"nonFU","nonFU","nonFU",
"KOR_2014_KNSHES","South Korea",2014,,,,,,
"KOR_2014_PSKC","South Korea",2014,,,,,,
"KOR_2014_conscript","South Korea",2014,,,,,,
"KOR_2015_KNHANES","South Korea",2015,"nonFU",,"nonFU","nonFU","nonFU",
"KOR_2015_KNHI","South Korea",2015,,,,,,
"KOR_2015_KNSHES","South Korea",2015,,,,,,
"KOR_2015_PSKC","South Korea",2015,,,,,,
"KOR_2015_conscript","South Korea",2015,,,,,,
"KOR_2016_KNHANES","South Korea",2016,"nonFU",,"nonFU","nonFU","nonFU",
"KOR_2016_KNSHES","South Korea",2016,,,,,,
"KOR_2016_PSKC","South Korea",2016,,,,,,
"KOR_2016_conscript","South Korea",2016,,,,,,
"KOR_2017_KNHANES","South Korea",2017,"nonFU",,"nonFU","nonFU","nonFU",
"KOR_2017_KNHI","South Korea",2017,,,,,,
"KOR_2017_PSKC","South Korea",2017,,,,,,
"KOR_2017_conscript","South Korea",2017,,,,,,
"KOR_2018_KNHANES","South Korea",2018,"nonFU",,"nonFU","nonFU","nonFU",
"KOR_2018_PSKC","South Korea",2018,,,,,,
"KOR_2019_KNHANES","South Korea",2019,"nonFU",,"nonFU","nonFU","nonFU",
"KOR_2019_KNHI","South Korea",2019,,,,,,
"KOR_2019_PSKC","South Korea",2019,,,,,,
"KOR_2020_KNHANES","South Korea",2020,"nonFU",,"nonFU","nonFU","nonFU",
"KOR_2020_PSKC","South Korea",2020,,,,,,
"KOR_2021_KNHANES","South Korea",2021,"nonFU",,,,"nonFU",
"KOR_2021_PSKC","South Korea",2021,,,,,,
"KOR_2022_KNHANES","South Korea",2022,,"No",,,,
"KOR_2023_KNHANES","South Korea",2023,,"No",,,,
"KWT_1981_15414098","Kuwait",1981,,,,,,
"KWT_1994_15414098","Kuwait",1994,,,,,,
"KWT_1996_NIDDMK","Kuwait",1996,,,,,,
"KWT_1998_ COZINC","Kuwait",1998,,,,,,
"KWT_2001_KNSS","Kuwait",2001,,,,,,
"KWT_2001_KNSSsch","Kuwait",2001,,,,,,
"KWT_2002_KNSS","Kuwait",2002,,,,,,
"KWT_2002_KNSSsch","Kuwait",2002,,,,,,
"KWT_2003_KNSS","Kuwait",2003,,,,,,
"KWT_2003_KNSSsch","Kuwait",2003,,,,,,
"KWT_2004_KNSS","Kuwait",2004,,,,,,
"KWT_2004_KNSSsch","Kuwait",2004,,,,,,
"KWT_2005_KNSS","Kuwait",2005,,,,,,
"KWT_2005_KNSSsch","Kuwait",2005,,,,,,
"KWT_2006_KNSS","Kuwait",2006,,,,,,
"KWT_2006_KNSSsch","Kuwait",2006,,,,,,
"KWT_2006_STEPS","Kuwait",2006,"nonFU",,,,"nonFU",
"KWT_2007_KNSS","Kuwait",2007,,,,,,
"KWT_2007_KNSSsch","Kuwait",2007,,,,,,
"KWT_2008_KNSS","Kuwait",2008,,,,,,
"KWT_2008_KNSSsch","Kuwait",2008,,,,,,
"KWT_2009_KNSS","Kuwait",2009,,,,,,
"KWT_2009_KNSSsch","Kuwait",2009,,,,,,
"KWT_2009_NNSSK","Kuwait",2009,"nonFU",,"nonFU","nonFU",,
"KWT_2009_WHS","Kuwait",2009,"nonFU",,,,"nonFU",
"KWT_2011_GSHS","Kuwait",2011,,,,,,
"KWT_2013_KDEP","Kuwait",2013,"nonFU",,"nonFU","nonFU","nonFU",
"KWT_2014_STEPS","Kuwait",2014,"nonFU",,"nonFU","nonFU","nonFU",
"KWT_2015_GSHS","Kuwait",2015,,,,,,
"LAO_2006_MICS3","Lao PDR",2006,,,,,,
"LAO_2008_STEPS","Lao PDR",2008,"nonFU",,,,"nonFU",
"LAO_2013_STEPS","Lao PDR",2013,"nonFU",,,,"nonFU",
"LBN_1997_PHS","Lebanon",1997,"nonFU",,,,"nonFU",
"LBN_2009_STEPS","Lebanon",2009,"nonFU",,,,"nonFU",
"LBN_2017_STEPS","Lebanon",2017,"nonFU",,,,"nonFU",
"LBN_2023_STEPS","Lebanon",2023,,"No",,,,
"LBR_2007_DHS","Liberia",2007,,,,,,
"LBR_2010_CFSNS","Liberia",2010,,,,,,
"LBR_2011_STEPS","Liberia",2011,"nonFU",,,,"nonFU",
"LBR_2013_DHS","Liberia",2013,,,,,,
"LBR_2019_DHS","Liberia",2019,,,,,,
"LBR_2022_STEPS","Liberia",2022,"nonFU",,,,"nonFU",
"LBY_1999_15434115","Libya",1999,,,,,,
"LBY_2007_GSHS","Libya",2007,,,,,,
"LBY_2009_STEPS","Libya",2009,"nonFU",,,,"nonFU",
"LBY_2023_STEPS","Libya",2023,,"No",,,,
"LCA_1981_6984027","Saint Lucia",1981,,,,,,
"LCA_1993_7662003","Saint Lucia",1993,,,,,,
"LCA_2012_STEPS","Saint Lucia",2012,"nonFU",,,,"nonFU",
"LCA_2020_STEPS","Saint Lucia",2020,"nonFU",,,,"nonFU",
"LKA_2003_5144069","Sri Lanka",2003,,,,,,
"LKA_2003_5144070","Sri Lanka",2003,,,,,,
"LKA_2003_5144071","Sri Lanka",2003,,,,,,
"LKA_2003_5144072","Sri Lanka",2003,,,,,,
"LKA_2006_SLDCS","Sri Lanka",2006,"nonFU",,,,"nonFU",
"LKA_2006_STEPS","Sri Lanka",2006,"nonFU",,,,"nonFU",
"LKA_2007_DHS","Sri Lanka",2007,,,,,,
"LKA_2014_STEPS","Sri Lanka",2014,"nonFU",,,,"nonFU",
"LKA_2016_DHS","Sri Lanka",2016,,,,,,
"LKA_2016_GSHS","Sri Lanka",2016,,,,,,
"LKA_2019_SLHAS","Sri Lanka",2019,,"No",,,,
"LKA_2021_STEPS","Sri Lanka",2021,"nonFU",,,,"nonFU",
"LKA_2022_NNS","Sri Lanka",2022,,,,,,
"LSO_1993_NSIVA","Lesotho",1993,,,,,,
"LSO_2005_DHS","Lesotho",2005,,,,,,
"LSO_2010_DHS","Lesotho",2010,,,,,,
"LSO_2012_STEPS","Lesotho",2012,"nonFU",,,,"nonFU",
"LSO_2014_DHS","Lesotho",2014,,,,,,
"LSO_2024_DHS","Lesotho",2024,,,,,,
"LTU_1984_MONICA-KAUa","Lithuania",1984,,,,,,
"LTU_1987_CINDI","Lithuania",1987,,,,,,
"LTU_1987_MONICA-KAUa","Lithuania",1987,,,,,,
"LTU_1992_MONICA-KAUa","Lithuania",1992,,,,,,
"LTU_1993_CINDI","Lithuania",1993,,,,,,
"LTU_1997_9440012","Lithuania",1997,,,,,,
"LTU_1999_CINDI","Lithuania",1999,,,,,,
"LTU_2002_MONICA4","Lithuania",2002,"nonFU",,,,"nonFU",
"LTU_2002_citPomerleau","Lithuania",2002,,,,,,
"LTU_2007_CINDI","Lithuania",2007,,,,,,
"LTU_2007_HAPIEE","Lithuania",2007,"nonFU",,,,"nonFU",
"LTU_2008_COSI1","Lithuania",2008,,,,,,
"LTU_2010_COSI2","Lithuania",2010,,,,,,
"LTU_2011_LCAS","Lithuania",2011,,,,,,
"LTU_2013_COSI3","Lithuania",2013,,,,,,
"LTU_2013_LCAS","Lithuania",2013,,,,,,
"LTU_2016_COSI4","Lithuania",2016,,,,,,
"LTU_2019_COSI5","Lithuania",2019,,,,,,
"LTU_2022_KAUNAS2","Lithuania",2022,,,,,,
"LTU_2023_COSI6","Lithuania",2023,,,,,,
"LTU_2024_MONICA5","Lithuania",2024,,"No",,,,
"LUX_2008_ORISCAV","Luxembourg",2008,,,,,,
"LUX_2014_EHES","Luxembourg",2014,"nonFU",,,,"nonFU",
"LUX_2017_ORISCAV","Luxembourg",2017,"nonFU",,,,"nonFU",
"LUX_2023_COSI6","Luxembourg",2023,,,,,,
"LVA_1997_Healthsurvey","Latvia",1997,,,,,,
"LVA_2008_COSI1","Latvia",2008,,,,,,
"LVA_2009_CRFS","Latvia",2009,,,,,,
"LVA_2010_COSI2","Latvia",2010,,,,,,
"LVA_2012_COSI3","Latvia",2012,,,,,,
"LVA_2016_COSI4","Latvia",2016,,,,,,
"LVA_2019_COSI5","Latvia",2019,,,,,,
"LVA_2021_PreSchool","Latvia",2021,,,,,,
"LVA_2023_COSI6","Latvia",2023,,,,,,
"MAR_1992_DHS","Morocco",1992,,,,,,
"MAR_2000_NS","Morocco",2000,,,,,,
"MAR_2004_DHS","Morocco",2004,,,,,,
"MAR_2017_STEPS","Morocco",2017,"nonFU",,,,"nonFU",
"MAR_2020_NNS","Morocco",2020,,,,,,
"MAR_2023_GSHS","Morocco",2023,,,,,,
"MDA_2005_DHS","Moldova",2005,,,,,,
"MDA_2013_COSI3","Moldova",2013,,,,,,
"MDA_2013_STEPS","Moldova",2013,"nonFU",,,,"nonFU",
"MDA_2021_STEPS","Moldova",2021,"nonFU",,,,"nonFU",
"MDA_2022_COSI6","Moldova",2022,,,,,,
"MDG_1997_19450001","Madagascar",1997,,,,,,
"MDG_1997_DHS","Madagascar",1997,,,,,,
"MDG_2004_DHS","Madagascar",2004,,,,,,
"MDG_2005_STEPS","Madagascar",2005,"nonFU",,,,"nonFU",
"MDG_2009_DHS","Madagascar",2009,,,,,,
"MDG_2021_DHS","Madagascar",2021,,,,,,
"MDV_2001_MICS","Maldives",2001,,,,,,
"MDV_2004_STEPS","Maldives",2004,,,,,,
"MDV_2009_DHS","Maldives",2009,,,,,,
"MDV_2009_GSHS","Maldives",2009,,,,,,
"MDV_2011_STEPS","Maldives",2011,"nonFU",,,,"nonFU",
"MDV_2014_GSHS","Maldives",2014,,,,,,
"MDV_2017_DHS","Maldives",2017,,,,,,
"MDV_2021_STEPS","Maldives",2021,"nonFU",,,,"nonFU",
"MEX_1989_ENN","Mexico",1989,,,,,,
"MEX_1993_ENEC","Mexico",1993,,,,,,
"MEX_1996_12484004","Mexico",1996,,,,,,
"MEX_1999_ENN","Mexico",1999,,,,,,
"MEX_1999_NSSC","Mexico",1999,,,,,,
"MEX_2000_ENSA","Mexico",2000,,,,,,
"MEX_2000_SABE","Mexico",2000,"nonFU",,,,"nonFU",
"MEX_2001_12484018","Mexico",2001,,,,,,
"MEX_2001_MHAS","Mexico",2001,"nonFU",,,,"nonFU",
"MEX_2002_ENNViH","Mexico",2002,,,,,,
"MEX_2003_MHAS","Mexico",2003,,,,,,
"MEX_2005_CARMELA","Mexico",2005,,,,,,
"MEX_2005_ENNViH","Mexico",2005,"nonFU",,,,"nonFU",
"MEX_2006_ENSANUT","Mexico",2006,"nonFU",,,,"nonFU",
"MEX_2006_PREVENIMSS","Mexico",2006,"nonFU",,,,"nonFU",
"MEX_2010_PREVENIMSS","Mexico",2010,,,,,,
"MEX_2010_SAGE","Mexico",2010,"nonFU",,,,"nonFU",
"MEX_2011_ENNViH","Mexico",2011,"nonFU",,,,"nonFU",
"MEX_2012_ENSANUT","Mexico",2012,"nonFU",,,,"nonFU",
"MEX_2012_MHAS","Mexico",2012,,,,,,
"MEX_2014_SAGE","Mexico",2014,"FU_w_refreshers","Yes","Yes",,"FU_w_refreshers",
"MEX_2016_ENSANUT","Mexico",2016,"nonFU",,"nonFU","nonFU","nonFU",
"MEX_2016_MEXCOG","Mexico",2016,"FU","No","No",,"FU",
"MEX_2019_ENSANUT","Mexico",2019,"nonFU",,"nonFU","nonFU","nonFU",
"MEX_2020_ENSANUT","Mexico",2020,,,,,,
"MEX_2021_ENSANUT","Mexico",2021,"nonFU",,"nonFU","nonFU","nonFU",
"MEX_2022_ENSANUT","Mexico",2022,"nonFU",,,,"nonFU",
"MHL_2002_STEPS","Marshall Islands",2002,"nonFU",,,,"nonFU",
"MHL_2018_STEPS","Marshall Islands",2018,,,,,,
"MHL_2020_RHSS","Marshall Islands",2020,,,,,,
"MHL_2022_RHSS","Marshall Islands",2022,,,,,,
"MKD_1999_MICS","North Macedonia",1999,,,,,,
"MKD_2009_citIPH","North Macedonia",2009,,,,,,
"MKD_2010_COSI2","North Macedonia",2010,,,,,,
"MKD_2011_NNS","North Macedonia",2011,,,,,,
"MKD_2013_COSI3","North Macedonia",2013,,,,,,
"MKD_2016_COSI4","North Macedonia",2016,,,,,,
"MKD_2019_COSI5","North Macedonia",2019,,,,,,
"MKD_2022_COSI6","North Macedonia",2022,,,,,,
"MLI_1996_DHS","Mali",1996,,,,,,
"MLI_1997_PIDEB","Mali",1997,,,,,,
"MLI_1999_BIS","Mali",1999,,,,,,
"MLI_2001_DHS","Mali",2001,,,,,,
"MLI_2006_DHS","Mali",2006,,,,,,
"MLI_2007_STEPS","Mali",2007,"nonFU",,,,"nonFU",
"MLI_2013_DHS","Mali",2013,,,,,,
"MLI_2013_SNACK","Mali",2013,,,,,,
"MLI_2013_STEPS","Mali",2013,"nonFU",,,,"nonFU",
"MLI_2015_SMART","Mali",2015,,,,,,
"MLI_2018_DHS","Mali",2018,,,,,,
"MLI_2019_SMART","Mali",2019,,,,,,
"MLI_2020_SMART","Mali",2020,,,,,,
"MLI_2021_SMART","Mali",2021,,,,,,
"MLT_1984_MONICA-MLTa","Malta",1984,,,,,,
"MLT_1986_INTERSALT","Malta",1986,,,,,,
"MLT_2008_COSI1","Malta",2008,,,,,,
"MLT_2010_COSI2","Malta",2010,,,,,,
"MLT_2013_COSI3","Malta",2013,,,,,,
"MLT_2015_SAHHTEK","Malta",2015,"nonFU",,,,"nonFU",
"MLT_2016_COSI4","Malta",2016,,,,,,
"MLT_2019_COSI5","Malta",2019,,,,,,
"MLT_2022_COSI6","Malta",2022,,,,,,
"MMR_2004_STEPS","Myanmar",2004,"nonFU",,,,"nonFU",
"MMR_2009_STEPS","Myanmar",2009,"nonFU",,,,"nonFU",
"MMR_2011_Salin","Myanmar",2011,,,,,,
"MMR_2014_STEPS","Myanmar",2014,"nonFU",,,,"nonFU",
"MMR_2014_STEPSYangon","Myanmar",2014,"nonFU",,,,"nonFU",
"MMR_2016_DHS","Myanmar",2016,,,,,,
"MMR_2024_STEPS","Myanmar",2024,,"No",,,,
"MNE_1978_recruit","Montenegro",1978,,,,,,
"MNE_1979_recruit","Montenegro",1979,,,,,,
"MNE_1980_recruit","Montenegro",1980,,,,,,
"MNE_1981_recruit","Montenegro",1981,,,,,,
"MNE_1982_recruit","Montenegro",1982,,,,,,
"MNE_1983_recruit","Montenegro",1983,,,,,,
"MNE_1984_recruit","Montenegro",1984,,,,,,
"MNE_1985_recruit","Montenegro",1985,,,,,,
"MNE_1986_recruit","Montenegro",1986,,,,,,
"MNE_1987_recruit","Montenegro",1987,,,,,,
"MNE_1988_recruit","Montenegro",1988,,,,,,
"MNE_2016_COSI4","Montenegro",2016,,,,,,
"MNE_2016_citPOPOVIC","Montenegro",2016,,,,,,
"MNE_2019_COSI5","Montenegro",2019,,,,,,
"MNE_2019_bodycomposition","Montenegro",2019,,,,,,
"MNE_2019_initiative_11-12yo","Montenegro",2019,,,,,,
"MNE_2019_initiative_5-6yo","Montenegro",2019,,,,,,
"MNE_2019_initiative_6-9yo","Montenegro",2019,,,,,,
"MNE_2021_initiative_9-10yo","Montenegro",2021,,,,,,
"MNE_2022_Bjelica.bp","Montenegro",2022,,,,,,
"MNE_2022_Bjelica.hn","Montenegro",2022,,,,,,
"MNE_2022_Bjelica.nik","Montenegro",2022,,,,,,
"MNE_2022_Bjelica.pod","Montenegro",2022,,,,,,
"MNE_2022_COSI6","Montenegro",2022,,,,,,
"MNE_2022_Elementary","Montenegro",2022,,,,,,
"MNE_2024_Elementary","Montenegro",2024,,,,,,
"MNG_1999_NNS","Mongolia",1999,,,,,,
"MNG_2004_ NNS","Mongolia",2004,,,,,,
"MNG_2005_STEPS","Mongolia",2005,"nonFU",,,,"nonFU",
"MNG_2009_STEPS","Mongolia",2009,"nonFU",,,,"nonFU",
"MNG_2010_NNSadol","Mongolia",2010,,,,,,
"MNG_2010_NNSadults","Mongolia",2010,,,,,,
"MNG_2012_Shocks","Mongolia",2012,,,,,,
"MNG_2013_GSHS","Mongolia",2013,,,,,,
"MNG_2013_STEPS","Mongolia",2013,"nonFU",,,,"nonFU",
"MNG_2013_Shocks","Mongolia",2013,,,,,,
"MNG_2014_Shocks","Mongolia",2014,,,,,,
"MNG_2016_NNS","Mongolia",2016,,,,,,
"MNG_2016_NNSchild","Mongolia",2016,,,,,,
"MNG_2019_STEPS","Mongolia",2019,"nonFU",,,,"nonFU",
"MOZ_1997_DHS","Mozambique",1997,,,,,,
"MOZ_2000_GAM","Mozambique",2000,,,,,,
"MOZ_2003_DHS","Mozambique",2003,,,,,,
"MOZ_2005_STEPS","Mozambique",2005,"nonFU",,,,"nonFU",
"MOZ_2010_ZANE","Mozambique",2010,,,,,,
"MOZ_2011_DHS","Mozambique",2011,,,,,,
"MOZ_2015_STEPS","Mozambique",2015,"nonFU",,,,"nonFU",
"MOZ_2018_ISCOLE-mozrural","Mozambique",2018,,,,,,
"MOZ_2018_ISCOLE-mozurban","Mozambique",2018,,,,,,
"MOZ_2022_DHS","Mozambique",2022,,,,,,
"MOZ_2024_STEPS","Mozambique",2024,,"No",,,,
"MRT_2001_DHS","Mauritania",2001,,,,,,
"MRT_2006_STEPS","Mauritania",2006,"nonFU",,,,"nonFU",
"MRT_2011_SMART","Mauritania",2011,,,,,,
"MRT_2020_DHS","Mauritania",2020,,,,,,
"MUS_1987_MNCS","Mauritius",1987,,,,,,
"MUS_1992_MNCS","Mauritius",1992,"nonFU",,,,"nonFU",
"MUS_1992_Rodrigues","Mauritius",1992,"nonFU",,,,"nonFU",
"MUS_1998_MNCS","Mauritius",1998,"nonFU",,,,"nonFU",
"MUS_1999_Rodrigues","Mauritius",1999,"nonFU",,,,"nonFU",
"MUS_2009_MNCS","Mauritius",2009,"nonFU",,,,"nonFU",
"MUS_2011_GSHS","Mauritius",2011,,,,,,
"MUS_2011_GSHS2","Mauritius",2011,,,,,,
"MUS_2015_MNCS","Mauritius",2015,"nonFU",,"nonFU","nonFU","nonFU",
"MUS_2015_MNCS98FUP","Mauritius",2015,"nonFU",,"nonFU","nonFU",,
"MUS_2017_GSHS","Mauritius",2017,,,,,,
"MUS_2019_GSHS","Mauritius",2019,,,,,,
"MWI_1992_DHS","Malawi",1992,,,,,,
"MWI_1996_19454013","Malawi",1996,,,,,,
"MWI_2000_DHS","Malawi",2000,,,,,,
"MWI_2004_DHS","Malawi",2004,,,,,,
"MWI_2009_MNS","Malawi",2009,,,,,,
"MWI_2009_STEPS","Malawi",2009,"nonFU",,,,"nonFU",
"MWI_2010_DHS","Malawi",2010,,,,,,
"MWI_2015_NCDSrural","Malawi",2015,"nonFU",,,,"nonFU",
"MWI_2015_NCDSurban","Malawi",2015,"nonFU",,,,"nonFU",
"MWI_2016_DHS","Malawi",2016,,,,,,
"MWI_2017_STEPS","Malawi",2017,"nonFU",,,,"nonFU",
"MWI_2020_SMART","Malawi",2020,,,,,,
"MYS_1996_NHMS","Malaysia",1996,,,,,,
"MYS_2003_MANS","Malaysia",2003,,,,,,
"MYS_2004_citRampal","Malaysia",2004,"nonFU",,,,"nonFU",
"MYS_2005_STEPS","Malaysia",2005,,,,,,
"MYS_2006_NHMS","Malaysia",2006,"nonFU",,,,"nonFU",
"MYS_2008_IDD","Malaysia",2008,,,,,,
"MYS_2008_MSSMrural","Malaysia",2008,"nonFU",,"nonFU","nonFU","nonFU",
"MYS_2008_MSSMurban","Malaysia",2008,"nonFU",,"nonFU","nonFU","nonFU",
"MYS_2011_NHMS","Malaysia",2011,"nonFU",,,,"nonFU",
"MYS_2011_SEANUTS","Malaysia",2011,,,,,,
"MYS_2012_MSHS","Malaysia",2012,,,,,,
"MYS_2013_Petaling","Malaysia",2013,,,,,,
"MYS_2014_Batang","Malaysia",2014,,,,,,
"MYS_2014_MANS","Malaysia",2014,"nonFU",,,,"nonFU",
"MYS_2015_NHMS","Malaysia",2015,"nonFU",,,,"nonFU",
"MYS_2019_NHMS","Malaysia",2019,"nonFU",,,,"nonFU",
"MYS_2019_Seremban","Malaysia",2019,,,,,,
"NAM_1992_DHS","Namibia",1992,,,,,,
"NAM_2005_STEPS","Namibia",2005,"nonFU",,,,"nonFU",
"NAM_2007_DHS","Namibia",2007,,,,,,
"NAM_2009_OS","Namibia",2009,"nonFU",,,,"nonFU",
"NAM_2013_DHS","Namibia",2013,,,,,,
"NER_1992_DHS","Niger",1992,,,,,,
"NER_1998_DHS","Niger",1998,,,,,,
"NER_2006_DHS","Niger",2006,,,,,,
"NER_2007_STEPS","Niger",2007,"nonFU",,,,"nonFU",
"NER_2012_DHS","Niger",2012,,,,,,
"NER_2021_STEPS","Niger",2021,"nonFU",,,,"nonFU",
"NGA_1990_NCDNS_rural","Nigeria",1990,,,,,,
"NGA_1990_NCDNS_urban","Nigeria",1990,,,,,,
"NGA_1993_21566001","Nigeria",1993,,,,,,
"NGA_1999_DHS","Nigeria",1999,,,,,,
"NGA_2003_DHS","Nigeria",2003,,,,,,
"NGA_2005_citUkoli","Nigeria",2005,"nonFU",,,,"nonFU",
"NGA_2006_ClusteringNNigeria","Nigeria",2006,,,,,,
"NGA_2006_citSENBANJO","Nigeria",2006,,,,,,
"NGA_2007_ISA","Nigeria",2007,"nonFU",,,,"nonFU",
"NGA_2007_SoutheastNigeria","Nigeria",2007,"nonFU",,,,"nonFU",
"NGA_2008_DHS","Nigeria",2008,,,,,,
"NGA_2008_ISA","Nigeria",2008,"FU","No","No",,"FU",
"NGA_2009_ISA","Nigeria",2009,"FU","No","No",,"FU",
"NGA_2009_KCS","Nigeria",2009,"nonFU",,,,"nonFU",
"NGA_2010_AnthroCalabar","Nigeria",2010,"nonFU",,,,"nonFU",
"NGA_2010_Nnewiobesity","Nigeria",2010,,,,,,
"NGA_2011_KCS","Nigeria",2011,"nonFU",,,,"nonFU",
"NGA_2011_builtenviro","Nigeria",2011,,,,,,
"NGA_2012_Neighbourhoodwalkability","Nigeria",2012,,,,,,
"NGA_2013_DHS","Nigeria",2013,,,,,,
"NGA_2013_KCS","Nigeria",2013,"nonFU",,,,"nonFU",
"NGA_2017_ARISEIb","Nigeria",2017,,,,,,
"NGA_2018_REMAH","Nigeria",2018,"nonFU",,,,"nonFU",
"NGA_2018_citOchimana","Nigeria",2018,"nonFU",,,,"nonFU",
"NIC_1998_DHS","Nicaragua",1998,,,,,,
"NIC_2001_DHS","Nicaragua",2001,,,,,,
"NIC_2004_CAMDI","Nicaragua",2004,"nonFU",,,,"nonFU",
"NIC_2004_SIVIN","Nicaragua",2004,,,,,,
"NIC_2007_ENDESA","Nicaragua",2007,,,,,,
"NIC_2012_ENDESA","Nicaragua",2012,,,,,,
"NIU_2010_GSHS","Niue",2010,,,,,,
"NIU_2011_STEPS","Niue",2011,"nonFU",,,,"nonFU",
"NIU_2019_GSHS","Niue",2019,,,,,,
"NLD_1985_INTERSALT","Netherlands",1985,,,,,,
"NLD_1985_ZES","Netherlands",1985,,,,,,
"NLD_1989_DCS","Netherlands",1989,,,,,,
"NLD_1990_ZES","Netherlands",1990,,,,,,
"NLD_1991_RSI","Netherlands",1991,,,,,,
"NLD_1993_LASA","Netherlands",1993,"nonFU",,,,"nonFU",
"NLD_1994_RSI","Netherlands",1994,,,,,,
"NLD_1995_EPICbilthoven","Netherlands",1995,"nonFU",,,,"nonFU",
"NLD_1995_EPICutrecht","Netherlands",1995,"nonFU",,,,"nonFU",
"NLD_1996_LASA","Netherlands",1996,,,,,,
"NLD_1998_RSI","Netherlands",1998,,,,,,
"NLD_1999_LASA","Netherlands",1999,,,,,,
"NLD_2000_Regenboog","Netherlands",2000,"nonFU",,,,"nonFU",
"NLD_2001_RSII","Netherlands",2001,,,,,,
"NLD_2002_LASA","Netherlands",2002,,,,,,
"NLD_2002_SUNSET","Netherlands",2002,"nonFU",,,,"nonFU",
"NLD_2003_LASA","Netherlands",2003,"nonFU",,,,"nonFU",
"NLD_2003_RSI","Netherlands",2003,,,,,,
"NLD_2005_DCS","Netherlands",2005,"nonFU",,,,"nonFU",
"NLD_2005_PIAMA","Netherlands",2005,,,,,,
"NLD_2005_RSII","Netherlands",2005,,,,,,
"NLD_2006_LASA","Netherlands",2006,"FU","No","No",,"FU",
"NLD_2007_RSIII","Netherlands",2007,,,,,,
"NLD_2009_LASA","Netherlands",2009,"FU","No","No",,"FU",
"NLD_2009_PIAMA","Netherlands",2009,,,,,,
"NLD_2010_ABCD","Netherlands",2010,,,,,,
"NLD_2010_ENERGY","Netherlands",2010,,,,,,
"NLD_2010_NLM","Netherlands",2010,,,,,,
"NLD_2010_RSI","Netherlands",2010,,,,,,
"NLD_2011_RSII","Netherlands",2011,,,,,,
"NLD_2012_GECKO","Netherlands",2012,,,,,,
"NLD_2012_LASA","Netherlands",2012,"FU","No","No",,"FU",
"NLD_2013_HELIUS","Netherlands",2013,,,,,,
"NLD_2013_LASA","Netherlands",2013,"nonFU",,,,"nonFU",
"NLD_2013_PIAMA","Netherlands",2013,,,,,,
"NLD_2013_RSIII","Netherlands",2013,,,,,,
"NLD_2014_ABCD","Netherlands",2014,,,,,,
"NLD_2016_LASA","Netherlands",2016,"FU","No","No",,"FU",
"NLD_2017_GECKO","Netherlands",2017,,,,,,
"NLD_2019_LASA","Netherlands",2019,,,,,,
"NOR_1980_Tromso","Norway",1980,,,,,,
"NOR_1985_HUNT","Norway",1985,,,,,,
"NOR_1987_Tromso","Norway",1987,,,,,,
"NOR_1993_HUSKbc2527","Norway",1993,,,,,,
"NOR_1993_HUSKbc2849","Norway",1993,,,,,,
"NOR_1993_HUSKbc5052","Norway",1993,,,,,,
"NOR_1995_Tromso","Norway",1995,"nonFU",,,,"nonFU",
"NOR_1996_HUNT","Norway",1996,"nonFU",,,,"nonFU",
"NOR_1996_YHUNT","Norway",1996,,,,,,
"NOR_1998_HUSKbc2527","Norway",1998,,,,,,
"NOR_1998_HUSKbc5051","Norway",1998,"nonFU",,,,"nonFU",
"NOR_1998_HUSKbc5357","Norway",1998,"nonFU",,,,"nonFU",
"NOR_2000_EYHS","Norway",2000,,,,,,
"NOR_2001_YHUNT","Norway",2001,,,,,,
"NOR_2002_HOT","Norway",2002,,,,,,
"NOR_2002_Tromso","Norway",2002,,,,,,
"NOR_2006_PANCS","Norway",2006,,,,,,
"NOR_2007_HUNT","Norway",2007,,,,,,
"NOR_2007_YHUNT","Norway",2007,,,,,,
"NOR_2008_COSI1","Norway",2008,,,,,,
"NOR_2008_Tromso","Norway",2008,"FU_w_refreshers","Yes","Yes",,"FU_w_refreshers",
"NOR_2010_COSI2","Norway",2010,,,,,,
"NOR_2010_ENERGY","Norway",2010,,,,,,
"NOR_2010_TESS","Norway",2010,,,,,,
"NOR_2012_COSI3","Norway",2012,,,,,,
"NOR_2012_TESS","Norway",2012,,,,,,
"NOR_2014_TESS","Norway",2014,,,,,,
"NOR_2016_COSI4","Norway",2016,,,,,,
"NOR_2016_TESS","Norway",2016,,,,,,
"NOR_2016_Tromso","Norway",2016,,,,,,
"NOR_2018_HUNT","Norway",2018,"FU_w_refreshers","Yes","Yes",,"FU_w_refreshers",
"NOR_2018_TESS","Norway",2018,,,,,,
"NOR_2018_YHUNT","Norway",2018,,,,,,
"NOR_2019_HUSKbc5051","Norway",2019,,,,,,
"NOR_2020_TESS","Norway",2020,,,,,,
"NPL_1996_DHS","Nepal",1996,,,,,,
"NPL_1997_4524005","Nepal",1997,,,,,,
"NPL_2001_DHS","Nepal",2001,,,,,,
"NPL_2003_STEPS","Nepal",2003,,,,,,
"NPL_2005_STEPS","Nepal",2005,"nonFU",,,,"nonFU",
"NPL_2006_DHS","Nepal",2006,,,,,,
"NPL_2008_STEPS","Nepal",2008,"nonFU",,,,"nonFU",
"NPL_2009_KHDC1","Nepal",2009,"nonFU",,,,"nonFU",
"NPL_2009_KHDC2","Nepal",2009,"nonFU",,,,"nonFU",
"NPL_2009_KHDC3","Nepal",2009,"nonFU",,,,"nonFU",
"NPL_2011_DHS","Nepal",2011,,,,,,
"NPL_2013_STEPS","Nepal",2013,"nonFU",,,,"nonFU",
"NPL_2015_COBIN","Nepal",2015,,,,,,
"NPL_2015_STEPSDhankuta","Nepal",2015,"nonFU",,,,"nonFU",
"NPL_2015_STEPSIlam","Nepal",2015,"nonFU",,,,"nonFU",
"NPL_2016_DHS","Nepal",2016,,,,,,
"NPL_2016_NMSS","Nepal",2016,,,,,,
"NPL_2017_NCD","Nepal",2017,"nonFU",,,,"nonFU",
"NPL_2019_STEPS","Nepal",2019,"nonFU",,,,"nonFU",
"NPL_2022_DHS","Nepal",2022,,,,,,
"NRU_1982_NIDDM","Nauru",1982,,,,,,
"NRU_1987_NIDDM","Nauru",1987,,,,,,
"NRU_1994_NIDDM","Nauru",1994,,,,,,
"NRU_2004_STEPS","Nauru",2004,"nonFU",,,,"nonFU",
"NRU_2006_STEPS","Nauru",2006,"nonFU",,,,"nonFU",
"NRU_2011_GSHS","Nauru",2011,,,,,,
"NRU_2015_STEPS","Nauru",2015,"nonFU",,,,"nonFU",
"NRU_2025_STEPS","Nauru",2025,,"No",,,,
"NZL_1982_MONICA-AUCa","New Zealand",1982,,,,,,
"NZL_1989_LINZ","New Zealand",1989,,,,,,
"NZL_1992_6554056","New Zealand",1992,,,,,,
"NZL_1993_MONICA-AUCa","New Zealand",1993,,,,,,
"NZL_1997_NNS","New Zealand",1997,,,,,,
"NZL_2002_CNS","New Zealand",2002,,,,,,
"NZL_2003_NZHS","New Zealand",2003,,,,,,
"NZL_2007_NZHS","New Zealand",2007,"nonFU",,,,"nonFU",
"NZL_2009_ANS","New Zealand",2009,"nonFU",,,,"nonFU",
"NZL_2012_NZHS","New Zealand",2012,"nonFU",,,,"nonFU",
"NZL_2013_NZHS","New Zealand",2013,"nonFU",,,,"nonFU",
"NZL_2014_NZHS","New Zealand",2014,"nonFU",,,,"nonFU",
"NZL_2015_NZHS","New Zealand",2015,"nonFU",,,,"nonFU",
"NZL_2016_NZHS","New Zealand",2016,"nonFU",,,,"nonFU",
"NZL_2017_NZHS","New Zealand",2017,"nonFU",,,,"nonFU",
"NZL_2018_NZHS","New Zealand",2018,"nonFU",,,,"nonFU",
"NZL_2019_NZHS","New Zealand",2019,"nonFU",,,,"nonFU",
"NZL_2020_NZHS","New Zealand",2020,"nonFU",,,,"nonFU",
"NZL_2021_NZHS","New Zealand",2021,"nonFU",,,,"nonFU",
"OMN_1991_NDS","Oman",1991,"nonFU",,,,"nonFU",
"OMN_2000_ONHS","Oman",2000,,,,,,
"OMN_2001_Nizwa","Oman",2001,"nonFU",,,,"nonFU",
"OMN_2006_STEPS","Oman",2006,,,,,,
"OMN_2008_WHS","Oman",2008,"nonFU",,,,"nonFU",
"OMN_2010_GSHS","Oman",2010,,,,,,
"OMN_2015_GSHS","Oman",2015,,,,,,
"OMN_2017_STEPS","Oman",2017,"nonFU",,,,"nonFU",
"PAK_1992_4586081","Pakistan",1992,,,,,,
"PAK_1992_NHSP","Pakistan",1992,"nonFU",,,,"nonFU",
"PAK_1999_4586045","Pakistan",1999,,,,,,
"PAK_2005_4586094","Pakistan",2005,,,,,,
"PAK_2005_STEPS","Pakistan",2005,"nonFU",,,,"nonFU",
"PAK_2011_NNS","Pakistan",2011,,,,,,
"PAK_2013_DHS","Pakistan",2013,,,,,,
"PAK_2014_STEPS","Pakistan",2014,"nonFU",,,,"nonFU",
"PAK_2017_NDSP","Pakistan",2017,"nonFU",,"nonFU","nonFU","nonFU",
"PAK_2018_DHS","Pakistan",2018,,,,,,
"PAK_2018_NNS","Pakistan",2018,,,,,,
"PAN_2003_ENV","Panama",2003,,,,,,
"PAN_2011_PREFREC","Panama",2011,"nonFU",,"nonFU","nonFU","nonFU",
"PAN_2018_GSHS","Panama",2018,,,,,,
"PAN_2019_ENSPA","Panama",2019,"nonFU",,"nonFU","nonFU","nonFU",
"PER_1992_DHS","Peru",1992,,,,,,
"PER_1996_DHS","Peru",1996,,,,,,
"PER_2000_DHS","Peru",2000,,,,,,
"PER_2003_FRENTvilla","Peru",2003,"nonFU",,,,"nonFU",
"PER_2004_FRENTtrujillo","Peru",2004,"nonFU",,,,"nonFU",
"PER_2005_CARMELA","Peru",2005,,,,,,
"PER_2005_DHS","Peru",2005,,,,,,
"PER_2005_ENIN","Peru",2005,"nonFU",,,,"nonFU",
"PER_2005_FRENThuancayo","Peru",2005,"nonFU",,,,"nonFU",
"PER_2006_FRENTlima","Peru",2006,"nonFU",,,,"nonFU",
"PER_2008_CENAN","Peru",2008,,,,,,
"PER_2008_DHS","Peru",2008,,,,,,
"PER_2008_PMS","Peru",2008,"nonFU",,"nonFU","nonFU","nonFU",
"PER_2008_monin","Peru",2008,,,,,,
"PER_2009_DHS","Peru",2009,,,,,,
"PER_2010_CENAN","Peru",2010,"nonFU",,,,"nonFU",
"PER_2010_DHS","Peru",2010,,,,,,
"PER_2010_GSHS","Peru",2010,,,,,,
"PER_2011_CRONICAS","Peru",2011,"nonFU",,"nonFU","nonFU","nonFU",
"PER_2011_DHS","Peru",2011,,,,,,
"PER_2012_CENAN","Peru",2012,"nonFU",,,,"nonFU",
"PER_2012_CRONICAS","Peru",2012,"FU","No","No",,"FU",
"PER_2012_DHS","Peru",2012,,,,,,
"PER_2013_DHS","Peru",2013,,,,,,
"PER_2013_ElderlySMP","Peru",2013,"nonFU",,,,"nonFU",
"PER_2013_PMS","Peru",2013,"FU","No","No",,"FU",
"PER_2014_CRONICAS","Peru",2014,"FU","No","No",,"FU",
"PER_2014_DHS","Peru",2014,,,,,,
"PER_2014_SALT","Peru",2014,,,,,,
"PER_2015_DHS","Peru",2015,,,,,,
"PER_2015_ELANS","Peru",2015,"nonFU",,,,"nonFU",
"PER_2016_DHS","Peru",2016,,,,,,
"PER_2016_PMS","Peru",2016,,,,,,
"PER_2017_DHS","Peru",2017,,,,,,
"PER_2017_T2DMSCREENING","Peru",2017,"nonFU",,"nonFU","nonFU","nonFU",
"PER_2018_DEGREErural","Peru",2018,,,,,,
"PER_2018_DEGREEurban","Peru",2018,,,,,,
"PER_2018_DHS","Peru",2018,,,,,,
"PER_2018_VIANEV","Peru",2018,"nonFU",,,,"nonFU",
"PER_2019_DHS","Peru",2019,,,,,,
"PER_2020_DHS","Peru",2020,,,,,,
"PER_2021_DHS","Peru",2021,,,,,,
"PER_2022_DHS","Peru",2022,,,,,,
"PER_2023_DHS","Peru",2023,,,,,,
"PHL_1983_CLHNS-BFU1","Philippines",1983,,,,,,
"PHL_1984_CLHNS-BFU2","Philippines",1984,,,,,,
"PHL_1984_CLHNS-BFU3","Philippines",1984,,,,,,
"PHL_1984_CLHNS-BFU4","Philippines",1984,,,,,,
"PHL_1984_CLHNS-BFU5","Philippines",1984,,,,,,
"PHL_1984_CLHNS-BFU6","Philippines",1984,,,,,,
"PHL_1984_CLHNS-BFU7","Philippines",1984,,,,,,
"PHL_1985_CLHNS-BFU10","Philippines",1985,,,,,,
"PHL_1985_CLHNS-BFU11","Philippines",1985,,,,,,
"PHL_1985_CLHNS-BFU12","Philippines",1985,,,,,,
"PHL_1985_CLHNS-BFU8","Philippines",1985,,,,,,
"PHL_1985_CLHNS-BFU9","Philippines",1985,,,,,,
"PHL_1988_5608001","Philippines",1988,,,,,,
"PHL_1992_CLHNS-Child","Philippines",1992,,,,,,
"PHL_1992_CLHNS-Mom","Philippines",1992,,,,,,
"PHL_1993_NNS","Philippines",1993,,,,,,
"PHL_1993_NSMS","Philippines",1993,,,,,,
"PHL_1993_SMS","Philippines",1993,,,,,,
"PHL_1995_CLHNS-Mom","Philippines",1995,"nonFU",,,,"nonFU",
"PHL_1998_NNS","Philippines",1998,,,,,,
"PHL_1999_CLHNS-Child","Philippines",1999,,,,,,
"PHL_1999_CLHNS-Mom","Philippines",1999,,,,,,
"PHL_2002_CLHNS-Child","Philippines",2002,,,,,,
"PHL_2002_CLHNS-Mom","Philippines",2002,,,,,,
"PHL_2003_GSHS","Philippines",2003,,,,,,
"PHL_2003_NNSfullanthro","Philippines",2003,,,,,,
"PHL_2003_NNSsub","Philippines",2003,"nonFU",,,,"nonFU",
"PHL_2005_CLHNS-Child","Philippines",2005,"nonFU",,,,"nonFU",
"PHL_2005_CLHNS-Mom","Philippines",2005,"FU","No","No",,"FU",
"PHL_2007_CLHNS-Child","Philippines",2007,"FU","No","No",,"FU",
"PHL_2007_CLHNS-Mom","Philippines",2007,"FU","No","No",,"FU",
"PHL_2007_GSHS","Philippines",2007,,,,,,
"PHL_2008_NNSfullanthro","Philippines",2008,,,,,,
"PHL_2008_NNSsub","Philippines",2008,"nonFU",,,,"nonFU",
"PHL_2009_CLHNS-Child","Philippines",2009,"FU","No","No",,"FU",
"PHL_2011_GSHS","Philippines",2011,,,,,,
"PHL_2011_NNS","Philippines",2011,"nonFU",,,,"nonFU",
"PHL_2014_NNS","Philippines",2014,"nonFU",,,,"nonFU",
"PHL_2015_GSHS","Philippines",2015,,,,,,
"PHL_2015_NNS","Philippines",2015,"nonFU",,,,"nonFU",
"PHL_2019_ENNS","Philippines",2019,,"No",,,,
"PHL_2019_GSHS","Philippines",2019,,,,,,
"PLW_2010_SHS","Palau",2010,,,,,,
"PLW_2011_SHS","Palau",2011,,,,,,
"PLW_2012_SHS","Palau",2012,,,,,,
"PLW_2012_STEPS","Palau",2012,"nonFU",,,,"nonFU",
"PLW_2013_SHS","Palau",2013,,,,,,
"PLW_2014_SHS","Palau",2014,,,,,,
"PLW_2015_SHS","Palau",2015,,,,,,
"PLW_2016_SHS","Palau",2016,,,,,,
"PLW_2016_STEPS","Palau",2016,,,,,,
"PLW_2017_SHS","Palau",2017,,,,,,
"PLW_2018_SHS","Palau",2018,,,,,,
"PLW_2019_SHS","Palau",2019,,,,,,
"PLW_2020_SHS","Palau",2020,,,,,,
"PLW_2021_SHS","Palau",2021,,,,,,
"PLW_2022_SHS","Palau",2022,,,,,,
"PNG_1986_INTERSALT","Papua New Guinea",1986,,,,,,
"PNG_1991_citDowse","Papua New Guinea",1991,"nonFU",,,,"nonFU",
"POL_1984_MONICA-TARa","Poland",1984,,,,,,
"POL_1984_MONICA-WARa","Poland",1984,,,,,,
"POL_1986_Conscripts","Poland",1986,,,,,,
"POL_1986_INTERSALT-Krakow","Poland",1986,,,,,,
"POL_1986_INTERSALT-Warsaw","Poland",1986,,,,,,
"POL_1988_MONICA-TARa","Poland",1988,,,,,,
"POL_1988_MONICA-WARa","Poland",1988,,,,,,
"POL_1988_SNS","Poland",1988,,,,,,
"POL_1989_CINDI","Poland",1989,,,,,,
"POL_1993_MONICA-TARa","Poland",1993,,,,,,
"POL_1993_MONICA-WARa","Poland",1993,,,,,,
"POL_1995_Conscripts","Poland",1995,,,,,,
"POL_1996_CINDI","Poland",1996,"nonFU",,,,"nonFU",
"POL_1997_Wroclaw-adol","Poland",1997,,,,,,
"POL_2000_CINDI","Poland",2000,"nonFU",,,,"nonFU",
"POL_2000_citMAZUR","Poland",2000,,,,,,
"POL_2001_Conscripts","Poland",2001,,,,,,
"POL_2001_HFCAS","Poland",2001,"nonFU",,,,"nonFU",
"POL_2001_citMAZUR","Poland",2001,,,,,,
"POL_2002_CINDI","Poland",2002,"nonFU",,,,"nonFU",
"POL_2002_CINDI-senior","Poland",2002,,,,,,
"POL_2002_NATPOL","Poland",2002,"nonFU",,,,"nonFU",
"POL_2002_YMCA","Poland",2002,,,,,,
"POL_2002_citMAZUR","Poland",2002,,,,,,
"POL_2003_EMAS","Poland",2003,"nonFU",,,,"nonFU",
"POL_2003_citMAZUR","Poland",2003,,,,,,
"POL_2004_HAPIEE","Poland",2004,"nonFU",,"nonFU","nonFU","nonFU",
"POL_2004_LIPIDOGRAM","Poland",2004,"nonFU",,,,"nonFU",
"POL_2004_WOBASZ","Poland",2004,"nonFU",,,,"nonFU",
"POL_2004_citMAZUR","Poland",2004,,,,,,
"POL_2005_MHESS","Poland",2005,"nonFU",,,,"nonFU",
"POL_2005_citMAZUR","Poland",2005,,,,,,
"POL_2006_CINDI","Poland",2006,"nonFU",,,,"nonFU",
"POL_2006_LIPIDOGRAM","Poland",2006,"nonFU",,,,"nonFU",
"POL_2006_citMAZUR","Poland",2006,,,,,,
"POL_2007_WOBASZSenior","Poland",2007,,,,,,
"POL_2007_citMAZUR","Poland",2007,,,,,,
"POL_2008_EMAS","Poland",2008,"FU","No","No",,"FU",
"POL_2008_OLAF","Poland",2008,,,,,,
"POL_2008_OLAFSecondary","Poland",2008,,,,,,
"POL_2008_citMAZUR","Poland",2008,,,,,,
"POL_2009_MHESS","Poland",2009,"nonFU",,,,"nonFU",
"POL_2009_PolSenior","Poland",2009,"nonFU",,,,"nonFU",
"POL_2009_citMAZUR","Poland",2009,,,,,,
"POL_2010_Conscripts","Poland",2010,,,,,,
"POL_2010_citMAZUR","Poland",2010,,,,,,
"POL_2011_NATPOL","Poland",2011,"nonFU",,"nonFU","nonFU","nonFU",
"POL_2011_OLA","Poland",2011,,,,,,
"POL_2013_MHESS","Poland",2013,"nonFU",,,,"nonFU",
"POL_2013_SNS","Poland",2013,,,,,,
"POL_2014_WOBASZ","Poland",2014,"nonFU",,,,"nonFU",
"POL_2014_citWyszynska","Poland",2014,,,,,,
"POL_2016_BFPA","Poland",2016,,,,,,
"POL_2016_COSI4","Poland",2016,,,,,,
"POL_2016_LIPIDOGRAM","Poland",2016,"nonFU",,"nonFU","nonFU","nonFU",
"POL_2016_citBaran","Poland",2016,,,,,,
"POL_2017_Erasmus","Poland",2017,,,,,,
"POL_2017_NCDRFPre","Poland",2017,,,,,,
"POL_2017_OOOC","Poland",2017,,,,,,
"POL_2017_PSFCM","Poland",2017,,,,,,
"POL_2017_RFOPA","Poland",2017,,,,,,
"POL_2018_COSI5","Poland",2018,,,,,,
"POL_2018_Erasmus","Poland",2018,,,,,,
"POL_2018_MHESS","Poland",2018,"nonFU",,,,"nonFU",
"POL_2018_NCDRFPre","Poland",2018,,,,,,
"POL_2018_POOBB","Poland",2018,,,,,,
"POL_2019_NCDRFPre","Poland",2019,,,,,,
"POL_2019_NNS","Poland",2019,,,,,,
"POL_2019_PolSenior2","Poland",2019,,"No",,,,
"POL_2019_SocialObesity","Poland",2019,,,,,,
"POL_2020_AOTFC","Poland",2020,,,,,,
"POL_2020_CHSRF","Poland",2020,,,,,,
"POL_2020_PICTURE_adult","Poland",2020,,"No",,,,
"POL_2020_PICTURE_child","Poland",2020,,,,,,
"POL_2023_COSI6","Poland",2023,,,,,,
"POL_2024_Core","Poland",2024,,,,,,
"POL_2024_Podkarpackie","Poland",2024,,,,,,
"PRI_2003_PREHCO","Puerto Rico",2003,"nonFU",,,,"nonFU",
"PRI_2006_14630035","Puerto Rico",2006,,,,,,
"PRI_2007_PREHCO","Puerto Rico",2007,,,,,,
"PRI_2012_HPVinfection","Puerto Rico",2012,"nonFU",,,,"nonFU",
"PRT_1981_GCCP","Portugal",1981,,,,,,
"PRT_1985_CON","Portugal",1985,,,,,,
"PRT_1986_CON","Portugal",1986,,,,,,
"PRT_1986_INTERSALT","Portugal",1986,,,,,,
"PRT_1987_CON","Portugal",1987,,,,,,
"PRT_1988_CON","Portugal",1988,,,,,,
"PRT_1989_CON","Portugal",1989,,,,,,
"PRT_1990_CON","Portugal",1990,,,,,,
"PRT_1991_CON","Portugal",1991,,,,,,
"PRT_1992_CON","Portugal",1992,,,,,,
"PRT_1993_CON","Portugal",1993,,,,,,
"PRT_1994_CON","Portugal",1994,,,,,,
"PRT_1995_CON","Portugal",1995,,,,,,
"PRT_1996_CON","Portugal",1996,,,,,,
"PRT_1997_CON","Portugal",1997,,,,,,
"PRT_1998_CON","Portugal",1998,,,,,,
"PRT_1999_CON","Portugal",1999,,,,,,
"PRT_1999_EYHS","Portugal",1999,,,,,,
"PRT_2000_CON","Portugal",2000,,,,,,
"PRT_2001_EPIPorto","Portugal",2001,"nonFU",,,,"nonFU",
"PRT_2004_Coimbra","Portugal",2004,,,,,,
"PRT_2004_EPITeen","Portugal",2004,,,,,,
"PRT_2004_Gouveia","Portugal",2004,,,,,,
"PRT_2004_POP","Portugal",2004,,,,,,
"PRT_2007_Tondela","Portugal",2007,,,,,,
"PRT_2008_APAHS2","Portugal",2008,,,,,,
"PRT_2008_COSI1","Portugal",2008,,,,,,
"PRT_2008_EPITeen","Portugal",2008,,,,,,
"PRT_2008_EYHS","Portugal",2008,,,,,,
"PRT_2008_PESSOA","Portugal",2008,,,,,,
"PRT_2008_PNSPAPF","Portugal",2008,,,,,,
"PRT_2008_PREVADIAB1","Portugal",2008,,,,,,
"PRT_2008_primaryschools","Portugal",2008,,,,,,
"PRT_2009_Bracara","Portugal",2009,,,,,,
"PRT_2009_MALS","Portugal",2009,,,,,,
"PRT_2009_PPSOC","Portugal",2009,,,,,,
"PRT_2010_COSI2","Portugal",2010,,,,,,
"PRT_2011_ELDERLY","Portugal",2011,,,,,,
"PRT_2011_PESSOA","Portugal",2011,,,,,,
"PRT_2011_PRESTYLE","Portugal",2011,,,,,,
"PRT_2012_EPITeen","Portugal",2012,,,,,,
"PRT_2012_ISCOLE","Portugal",2012,,,,,,
"PRT_2012_SALTA","Portugal",2012,,,,,,
"PRT_2012_citMuc","Portugal",2012,,,,,,
"PRT_2013_COSI3","Portugal",2013,,,,,,
"PRT_2013_LABMED","Portugal",2013,,,,,,
"PRT_2013_Lousao","Portugal",2013,,,,,,
"PRT_2014_Coimbra","Portugal",2014,,,,,,
"PRT_2015_EPITeen","Portugal",2015,,"PRT_2004_EPITeen",,,,
"PRT_2015_INSEF","Portugal",2015,,,,,,
"PRT_2016_COSI4","Portugal",2016,,,,,,
"PRT_2016_IAN-AF","Portugal",2016,,,,,,
"PRT_2017_OOaF_rural","Portugal",2017,,,,,,
"PRT_2017_PPSOC","Portugal",2017,,,,,,
"PRT_2018_EPITeen","Portugal",2018,,"PRT_2004_EPITeen",,,,
"PRT_2018_PNSPAPF","Portugal",2018,,,,,,
"PRT_2019_COSI5","Portugal",2019,,,,,,
"PRY_2011_enctfactriesgo","Paraguay",2011,"nonFU",,,,"nonFU",
"PRY_2017_GSHS","Paraguay",2017,,,,,,
"PRY_2022_enctfactriesgo","Paraguay",2022,,"No",,,,
"PSE_1996_15275022","State of Palestine",1996,,,,,,
"PSE_1997_citAbu-Rmeilehrural","State of Palestine",1997,"nonFU",,,,"nonFU",
"PSE_1997_citAbu-Rmeilehurban","State of Palestine",1997,"nonFU",,,,"nonFU",
"PSE_2000_FNHANES","State of Palestine",2000,,,,,,
"PSE_2010_GSHS","State of Palestine",2010,,,,,,
"PSE_2010_STEPS","State of Palestine",2010,"nonFU",,,,"nonFU",
"PSE_2013_PMS","State of Palestine",2013,,,,,,
"PSE_2013_westbank","State of Palestine",2013,,,,,,
"PSE_2022_STEPS","State of Palestine",2022,"nonFU",,,,"nonFU",
"PYF_2010_STEPS","French Polynesia",2010,"nonFU",,,,"nonFU",
"PYF_2015_GSHS","French Polynesia",2015,,,,,,
"QAT_2006_GCC","Qatar",2006,,,,,,
"QAT_2011_GSHS","Qatar",2011,,,,,,
"QAT_2012_STEPS","Qatar",2012,"nonFU",,,,"nonFU",
"ROU_1987_MONICA-BUCa","Romania",1987,,,,,,
"ROU_1997_SOMAT","Romania",1997,,,,,,
"ROU_1999_PDD_rural","Romania",1999,,,,,,
"ROU_1999_PDD_urban","Romania",1999,,,,,,
"ROU_2007_citCinteza","Romania",2007,,,,,,
"ROU_2008_HTHCr","Romania",2008,,,,,,
"ROU_2009_HTHCu","Romania",2009,,,,,,
"ROU_2010_SRS","Romania",2010,,,,,,
"ROU_2012_HTHCr","Romania",2012,,,,,,
"ROU_2012_HTHCu","Romania",2012,,,,,,
"ROU_2012_SEPHAR","Romania",2012,"nonFU",,"nonFU","nonFU","nonFU",
"ROU_2013_COSI3","Romania",2013,,,,,,
"ROU_2013_HTHCr","Romania",2013,,,,,,
"ROU_2013_PREDATORR","Romania",2013,"nonFU",,,,"nonFU",
"ROU_2014_Mures","Romania",2014,,,,,,
"ROU_2014_TCS","Romania",2014,,,,,,
"ROU_2015_HTHCr","Romania",2015,,,,,,
"ROU_2015_HTHCu","Romania",2015,,,,,,
"ROU_2016_COSI4","Romania",2016,,,,,,
"ROU_2016_HTHCr","Romania",2016,,,,,,
"ROU_2016_HTHCu","Romania",2016,,,,,,
"ROU_2016_SEPHAR","Romania",2016,"nonFU",,"nonFU","nonFU","nonFU",
"ROU_2017_Erasmus","Romania",2017,,,,,,
"ROU_2017_HTHCr","Romania",2017,,,,,,
"ROU_2017_HTHCu","Romania",2017,,,,,,
"ROU_2018_Erasmus","Romania",2018,,,,,,
"ROU_2018_HTHCr","Romania",2018,,,,,,
"ROU_2018_HTHCu","Romania",2018,,,,,,
"ROU_2019_COSI5","Romania",2019,,,,,,
"ROU_2019_HTHCr","Romania",2019,,,,,,
"ROU_2019_HTHCu","Romania",2019,,,,,,
"ROU_2019_Resita","Romania",2019,,,,,,
"ROU_2021_SEPHAR","Romania",2021,,"No",,,,
"ROU_2022_HTHCr","Romania",2022,,,,,,
"ROU_2022_HTHCu","Romania",2022,,,,,,
"ROU_2022_SOLUTION","Romania",2022,,,,,,
"ROU_2023_COSI6","Romania",2023,,,,,,
"ROU_2023_Healthytraditions","Romania",2023,,,,,,
"RUS_1985_MONICA-MOCa","Russian Federation",1985,,,,,,
"RUS_1985_MONICA-MOI2","Russian Federation",1985,,,,,,
"RUS_1985_MONICA-MOI3","Russian Federation",1985,,,,,,
"RUS_1985_MONICA-NOIa","Russian Federation",1985,,,,,,
"RUS_1985_sMONICA","Russian Federation",1985,,,,,,
"RUS_1986_INTERSALT","Russian Federation",1986,,,,,,
"RUS_1986_MONICA-NOC3","Russian Federation",1986,,,,,,
"RUS_1986_MONICA-NOC4","Russian Federation",1986,,,,,,
"RUS_1988_MONICA-NOIa","Russian Federation",1988,,,,,,
"RUS_1989_MONICA-MOCa","Russian Federation",1989,,,,,,
"RUS_1989_MONICA-MOI2","Russian Federation",1989,,,,,,
"RUS_1989_MONICA-NOC3","Russian Federation",1989,,,,,,
"RUS_1992_9643001","Russian Federation",1992,,,,,,
"RUS_1992_RKS","Russian Federation",1992,,,,,,
"RUS_1993_MONICA-MOCa","Russian Federation",1993,,,,,,
"RUS_1993_MONICA-MOI2","Russian Federation",1993,,,,,,
"RUS_1993_RLMS_R2","Russian Federation",1993,"nonFU",,,,"nonFU",
"RUS_1993_RLMS_R3","Russian Federation",1993,"nonFU",,,,"nonFU",
"RUS_1993_RLMS_R4","Russian Federation",1993,"nonFU",,,,"nonFU",
"RUS_1994_MONICA-NOIa","Russian Federation",1994,,,,,,
"RUS_1994_RLMS","Russian Federation",1994,"nonFU",,,,"nonFU",
"RUS_1995_MONICA-NOC3","Russian Federation",1995,,,,,,
"RUS_1995_RLMS","Russian Federation",1995,"nonFU",,,,"nonFU",
"RUS_1996_RLMS","Russian Federation",1996,"nonFU",,,,"nonFU",
"RUS_1997_RKS","Russian Federation",1997,,,,,,
"RUS_1998_RLMS","Russian Federation",1998,"nonFU",,,,"nonFU",
"RUS_2000_RLMS","Russian Federation",2000,"nonFU",,,,"nonFU",
"RUS_2001_RLMS","Russian Federation",2001,"nonFU",,,,"nonFU",
"RUS_2002_RKS","Russian Federation",2002,,,,,,
"RUS_2002_RLMS","Russian Federation",2002,"nonFU",,,,"nonFU",
"RUS_2003_MAH","Russian Federation",2003,,,,,,
"RUS_2003_RLMS","Russian Federation",2003,"nonFU",,,,"nonFU",
"RUS_2003_SCM","Russian Federation",2003,,,,,,
"RUS_2004_HAPIEE","Russian Federation",2004,"nonFU",,"nonFU","nonFU","nonFU",
"RUS_2004_RLMS","Russian Federation",2004,"nonFU",,,,"nonFU",
"RUS_2004_SCM","Russian Federation",2004,,,,,,
"RUS_2005_MAH","Russian Federation",2005,,,,,,
"RUS_2005_RLMS","Russian Federation",2005,"nonFU",,,,"nonFU",
"RUS_2005_SCM","Russian Federation",2005,,,,,,
"RUS_2006_SCM","Russian Federation",2006,,,,,,
"RUS_2007_MAH","Russian Federation",2007,,,,,,
"RUS_2007_RKS","Russian Federation",2007,,,,,,
"RUS_2007_SCM","Russian Federation",2007,,,,,,
"RUS_2008_SCM","Russian Federation",2008,,,,,,
"RUS_2009_MAH","Russian Federation",2009,,,,,,
"RUS_2009_SAGE","Russian Federation",2009,"nonFU",,,,"nonFU",
"RUS_2009_SCM","Russian Federation",2009,,,,,,
"RUS_2010_SCM","Russian Federation",2010,,,,,,
"RUS_2011_SCM","Russian Federation",2011,,,,,,
"RUS_2012_SCM","Russian Federation",2012,,,,,,
"RUS_2013_ESSERF","Russian Federation",2013,,,,,,
"RUS_2016_COSI4","Russian Federation",2016,,,,,,
"RUS_2016_UEMSrural","Russian Federation",2016,"nonFU",,,,"nonFU",
"RUS_2016_UEMSurban","Russian Federation",2016,"nonFU",,,,"nonFU",
"RUS_2017_ESSERF2","Russian Federation",2017,,,,,,
"RUS_2017_KYHArk","Russian Federation",2017,,"No",,,,
"RUS_2017_KYHNovo","Russian Federation",2017,,"No",,,,
"RUS_2018_KYHArk","Russian Federation",2018,,"No",,,,
"RUS_2018_KYHNovo","Russian Federation",2018,,"No",,,,
"RUS_2018_RosstatDiet","Russian Federation",2018,,,,,,
"RUS_2019_UVOS","Russian Federation",2019,,,,,,
"RUS_2020_COSI5Eka","Russian Federation",2020,,,,,,
"RUS_2020_COSI5Mos","Russian Federation",2020,,,,,,
"RUS_2020_UCES","Russian Federation",2020,,,,,,
"RUS_2021_SCM","Russian Federation",2021,,,,,,
"RUS_2022_DevrishovKaluga","Russian Federation",2022,,,,,,
"RUS_2022_DevrishovLipetsk","Russian Federation",2022,,,,,,
"RUS_2022_DevrishovStravopol","Russian Federation",2022,,,,,,
"RUS_2022_DevrishovUlyanovsk","Russian Federation",2022,,,,,,
"RUS_2023_ROSSTATHealth","Russian Federation",2023,,,,,,
"RUS_2023_RosstatDiet","Russian Federation",2023,,,,,,
"RUS_2023_SCM","Russian Federation",2023,,,,,,
"RWA_2000_DHS","Rwanda",2000,,,,,,
"RWA_2005_DHS","Rwanda",2005,,,,,,
"RWA_2010_DHS","Rwanda",2010,,,,,,
"RWA_2012_STEPS","Rwanda",2012,"nonFU",,,,"nonFU",
"RWA_2015_DHS","Rwanda",2015,,,,,,
"RWA_2020_DHS","Rwanda",2020,,,,,,
"RWA_2021_STEPS","Rwanda",2021,"nonFU",,,,"nonFU",
"SAU_1987_NNS","Saudi Arabia",1987,,,,,,
"SAU_1992_NEHS","Saudi Arabia",1992,,,,,,
"SAU_1992_NNS","Saudi Arabia",1992,,,,,,
"SAU_1992_SNS","Saudi Arabia",1992,,,,,,
"SAU_1994_SHIS","Saudi Arabia",1994,,,,,,
"SAU_1995_NHS","Saudi Arabia",1995,,,,,,
"SAU_1998_NEHS","Saudi Arabia",1998,,,,,,
"SAU_2004_15682064","Saudi Arabia",2004,,,,,,
"SAU_2005_2886870","Saudi Arabia",2005,,,,,,
"SAU_2005_STEPS","Saudi Arabia",2005,,,,,,
"SAU_2007_WHS","Saudi Arabia",2007,"nonFU",,,,"nonFU",
"SAU_2010_ATLS","Saudi Arabia",2010,,,,,,
"SAU_2010_Riyadh","Saudi Arabia",2010,,"No",,,,
"SAU_2012_JCS","Saudi Arabia",2012,,,,,,
"SAU_2012_Jeeluna","Saudi Arabia",2012,,,,,,
"SAU_2013_SHIS","Saudi Arabia",2013,,,,,,
"SDN_2005_STEPS","Sudan",2005,,,,,,
"SDN_2016_STEPS","Sudan",2016,"nonFU",,,,"nonFU",
"SDN_2018_Gadarif","Sudan",2018,"nonFU",,,,"nonFU",
"SEN_1984_21686014","Senegal",1984,,,,,,
"SEN_1986_21686012","Senegal",1986,,,,,,
"SEN_1986_21686014","Senegal",1986,,,,,,
"SEN_1993_DHS","Senegal",1993,,,,,,
"SEN_2003_PHDBS","Senegal",2003,"nonFU",,,,"nonFU",
"SEN_2005_DHS","Senegal",2005,,,,,,
"SEN_2011_DHS","Senegal",2011,,,,,,
"SEN_2011_NTS","Senegal",2011,"nonFU",,,,"nonFU",
"SEN_2015_MACROSEN","Senegal",2015,"nonFU",,,,"nonFU",
"SEN_2015_SMART","Senegal",2015,,,,,,
"SEN_2015_STEPS","Senegal",2015,"nonFU",,,,"nonFU",
"SEN_2019_SMART","Senegal",2019,,,,,,
"SEN_2024_STEPS","Senegal",2024,,"No",,,,
"SGP_1984_THS","Singapore",1984,,,,,,
"SGP_1992_NHS","Singapore",1992,,,,,,
"SGP_1994_NUH","Singapore",1994,,,,,,
"SGP_1998_NHS","Singapore",1998,,,,,,
"SGP_2004_NHS","Singapore",2004,,,,,,
"SGP_2004_SLAS","Singapore",2004,"nonFU",,,,"nonFU",
"SGP_2006_FUS","Singapore",2006,,,,,,
"SGP_2009_SIHLS","Singapore",2009,,,,,,
"SGP_2010_SCES","Singapore",2010,,,,,,
"SGP_2011_SLAS","Singapore",2011,"nonFU",,,,"nonFU",
"SGP_2013_SH12","Singapore",2013,"nonFU",,,,"nonFU",
"SGP_2015_SH2","Singapore",2015,"nonFU",,,,"nonFU",
"SGP_2016_SCES","Singapore",2016,,,,,,
"SGP_2017_SIGNS","Singapore",2017,,,,,,
"SGP_2018_PIONEER","Singapore",2018,,"No",,,,
"SLB_2004_GESOPrural","Solomon Islands",2004,"nonFU",,,,"nonFU",
"SLB_2004_GESOPurban","Solomon Islands",2004,"nonFU",,,,"nonFU",
"SLB_2006_STEPS","Solomon Islands",2006,"nonFU",,,,"nonFU",
"SLB_2010_citFURUSAWArural","Solomon Islands",2010,,,,,,
"SLB_2010_citFURUSAWAurban","Solomon Islands",2010,,,,,,
"SLB_2015_SIDHS","Solomon Islands",2015,,,,,,
"SLB_2015_STEPS","Solomon Islands",2015,"nonFU",,,,"nonFU",
"SLB_2018_relocation","Solomon Islands",2018,,,,,,
"SLE_2008_DHS","Sierra Leone",2008,,,,,,
"SLE_2009_STEPS","Sierra Leone",2009,"nonFU",,,,"nonFU",
"SLE_2010_NS","Sierra Leone",2010,,,,,,
"SLE_2013_DHS","Sierra Leone",2013,,,,,,
"SLE_2014_NNS","Sierra Leone",2014,,,,,,
"SLE_2018_SLIHS","Sierra Leone",2018,,,,,,
"SLE_2019_DHS","Sierra Leone",2019,,,,,,
"SLE_2021_NNS","Sierra Leone",2021,,,,,,
"SLV_2003_FESAL","El Salvador",2003,,,,,,
"SLV_2004_CAMDI","El Salvador",2004,"nonFU",,,,"nonFU",
"SLV_2008_FESAL","El Salvador",2008,,,,,,
"SLV_2013_GSHS","El Salvador",2013,,,,,,
"SLV_2015_ENECA","El Salvador",2015,"nonFU",,,,"nonFU",
"SLV_2016_NHWC","El Salvador",2016,,,,,,
"SOM_2016_HARGEISA","Somalia",2016,"nonFU",,"nonFU","nonFU","nonFU",
"SRB_1984_MONICA-NOSa","Serbia",1984,,,,,,
"SRB_1989_MONICA-NOSa","Serbia",1989,,,,,,
"SRB_1990_NBacka","Serbia",1990,,,,,,
"SRB_1991_NBacka","Serbia",1991,,,,,,
"SRB_1992_NBacka","Serbia",1992,,,,,,
"SRB_1993_NBacka","Serbia",1993,,,,,,
"SRB_1994_MONICA-NOSa","Serbia",1994,,,,,,
"SRB_1994_NBacka","Serbia",1994,,,,,,
"SRB_1995_NBacka","Serbia",1995,,,,,,
"SRB_1996_NBacka","Serbia",1996,,,,,,
"SRB_1997_NBacka","Serbia",1997,,,,,,
"SRB_1998_NBacka","Serbia",1998,,,,,,
"SRB_1998_YUSAD","Serbia",1998,,,,,,
"SRB_1999_NBacka","Serbia",1999,,,,,,
"SRB_1999_SuboticaRecruits","Serbia",1999,,,,,,
"SRB_2000_HSHN","Serbia",2000,,,,,,
"SRB_2000_NBacka","Serbia",2000,,,,,,
"SRB_2001_NBacka","Serbia",2001,,,,,,
"SRB_2002_NBacka","Serbia",2002,,,,,,
"SRB_2003_NBacka","Serbia",2003,,,,,,
"SRB_2003_YUSAD","Serbia",2003,,,,,,
"SRB_2004_NBacka","Serbia",2004,,,,,,
"SRB_2005_NBacka_acadyear0405","Serbia",2005,,,,,,
"SRB_2005_NBacka_acadyear0506","Serbia",2005,,,,,,
"SRB_2006_NHS","Serbia",2006,,,,,,
"SRB_2013_NHS","Serbia",2013,,,,,,
"SRB_2014_citOstojic","Serbia",2014,"nonFU",,,,"nonFU",
"SRB_2016_COSI4","Serbia",2016,,,,,,
"SRB_2019_COSI5","Serbia",2019,,,,,,
"SRB_2019_NFCS","Serbia",2019,,,,,,
"SSD_2017_Juba","South Sudan",2017,"nonFU",,,,"nonFU",
"STP_2009_DHS","Sao Tome and Principe",2009,,,,,,
"STP_2009_STEPS","Sao Tome and Principe",2009,"nonFU",,,,"nonFU",
"STP_2019_STEPS","Sao Tome and Principe",2019,"nonFU",,,,"nonFU",
"SUR_2014_HELISUR","Suriname",2014,"nonFU",,"nonFU","nonFU","nonFU",
"SVK_1985_somatic","Slovakia",1985,,,,,,
"SVK_1993_CINDI","Slovakia",1993,"nonFU",,,,"nonFU",
"SVK_1998_CINDI","Slovakia",1998,"nonFU",,,,"nonFU",
"SVK_2001_NAS5-6yo","Slovakia",2001,,,,,,
"SVK_2001_NAS6-18yo","Slovakia",2001,,,,,,
"SVK_2003_CINDI","Slovakia",2003,"nonFU",,,,"nonFU",
"SVK_2008_CINDI","Slovakia",2008,"nonFU",,,,"nonFU",
"SVK_2011_NAS","Slovakia",2011,,,,,,
"SVK_2012_EHES","Slovakia",2012,"nonFU",,,,"nonFU",
"SVK_2016_COSI4","Slovakia",2016,,,,,,
"SVK_2018_COSI5","Slovakia",2018,,,,,,
"SVK_2022_COSI6","Slovakia",2022,,,,,,
"SVN_1982_SLOfit","Slovenia",1982,,,,,,
"SVN_1983_ACDSi","Slovenia",1983,,,,,,
"SVN_1983_SLOfit","Slovenia",1983,,,,,,
"SVN_1984_SLOfit","Slovenia",1984,,,,,,
"SVN_1985_SLOfit","Slovenia",1985,,,,,,
"SVN_1986_SLOfit","Slovenia",1986,,,,,,
"SVN_1987_SLOfit","Slovenia",1987,,,,,,
"SVN_1988_SLOfit","Slovenia",1988,,,,,,
"SVN_1989_SLOfit","Slovenia",1989,,,,,,
"SVN_1990_SLOfit","Slovenia",1990,,,,,,
"SVN_1991_SLOfit","Slovenia",1991,,,,,,
"SVN_1992_SLOfit","Slovenia",1992,,,,,,
"SVN_1993_ACDSi","Slovenia",1993,,,,,,
"SVN_1993_SLOfit","Slovenia",1993,,,,,,
"SVN_1994_ACDSi","Slovenia",1994,,,,,,
"SVN_1994_SLOfit","Slovenia",1994,,,,,,
"SVN_1995_SLOfit","Slovenia",1995,,,,,,
"SVN_1996_SLOfit","Slovenia",1996,,,,,,
"SVN_1997_SLOfit","Slovenia",1997,,,,,,
"SVN_1998_SLOfit","Slovenia",1998,,,,,,
"SVN_1999_SLOfit","Slovenia",1999,,,,,,
"SVN_2000_SLOfit","Slovenia",2000,,,,,,
"SVN_2001_NPPCP","Slovenia",2001,,,,,,
"SVN_2001_SLOfit","Slovenia",2001,,,,,,
"SVN_2002_NPPCP","Slovenia",2002,,,,,,
"SVN_2002_SLOfit","Slovenia",2002,,,,,,
"SVN_2003_ACDSi","Slovenia",2003,,,,,,
"SVN_2003_NPPCP","Slovenia",2003,,,,,,
"SVN_2003_SLOfit","Slovenia",2003,,,,,,
"SVN_2004_ACDSi","Slovenia",2004,,,,,,
"SVN_2004_NPPCP","Slovenia",2004,,,,,,
"SVN_2004_SLOfit","Slovenia",2004,,,,,,
"SVN_2005_NPPCP","Slovenia",2005,,,,,,
"SVN_2005_SLOfit","Slovenia",2005,,,,,,
"SVN_2006_NPPCP","Slovenia",2006,,,,,,
"SVN_2006_SLOfit","Slovenia",2006,,,,,,
"SVN_2007_NPPCP","Slovenia",2007,,,,,,
"SVN_2007_SLOfit","Slovenia",2007,,,,,,
"SVN_2008_NPPCP","Slovenia",2008,,,,,,
"SVN_2008_SLOfit","Slovenia",2008,,,,,,
"SVN_2009_NPPCP","Slovenia",2009,,,,,,
"SVN_2009_SLOfit","Slovenia",2009,,,,,,
"SVN_2010_ENERGY","Slovenia",2010,,,,,,
"SVN_2010_NPPCP","Slovenia",2010,,,,,,
"SVN_2010_SLOfit","Slovenia",2010,,,,,,
"SVN_2011_NPPCP","Slovenia",2011,,,,,,
"SVN_2011_SLOfit","Slovenia",2011,,,,,,
"SVN_2012_NPPCP","Slovenia",2012,,,,,,
"SVN_2012_SLOfit","Slovenia",2012,,,,,,
"SVN_2013_NPPCP","Slovenia",2013,,,,,,
"SVN_2013_SLOfit","Slovenia",2013,,,,,,
"SVN_2014_ACDSi","Slovenia",2014,,,,,,
"SVN_2014_BPS","Slovenia",2014,,,,,,
"SVN_2014_NPPCP","Slovenia",2014,,,,,,
"SVN_2014_SLOfit","Slovenia",2014,,,,,,
"SVN_2015_NPPCP","Slovenia",2015,,,,,,
"SVN_2015_SLOfit","Slovenia",2015,,,,,,
"SVN_2016_SLOfit","Slovenia",2016,,,,,,
"SVN_2017_SLOfit","Slovenia",2017,,,,,,
"SVN_2018_SLOfit","Slovenia",2018,,,,,,
"SVN_2019_SLOfit","Slovenia",2019,,,,,,
"SVN_2020_SLOfit1519","Slovenia",2020,,,,,,
"SVN_2020_SLOfit614","Slovenia",2020,,,,,,
"SVN_2021_SLOfit1519","Slovenia",2021,,,,,,
"SVN_2021_SLOfit614","Slovenia",2021,,,,,,
"SVN_2022_SLOfit","Slovenia",2022,,,,,,
"SVN_2023_SLOfit","Slovenia",2023,,,,,,
"SVN_2024_SLOfit","Slovenia",2024,,,,,,
"SWE_1977_SCS","Sweden",1977,,,,,,
"SWE_1978_SCS","Sweden",1978,,,,,,
"SWE_1979_SCS","Sweden",1979,,,,,,
"SWE_1980_73BC","Sweden",1980,,,,,,
"SWE_1980_BEST","Sweden",1980,,,,,,
"SWE_1980_SCS","Sweden",1980,,,,,,
"SWE_1981_73BC","Sweden",1981,,,,,,
"SWE_1981_PSWG","Sweden",1981,,,,,,
"SWE_1981_SCS","Sweden",1981,,,,,,
"SWE_1982_73BC","Sweden",1982,,,,,,
"SWE_1982_SCS","Sweden",1982,,,,,,
"SWE_1983_73BC","Sweden",1983,,,,,,
"SWE_1983_BEST","Sweden",1983,,,,,,
"SWE_1983_SCS","Sweden",1983,,,,,,
"SWE_1983_ULSAM","Sweden",1983,,,,,,
"SWE_1984_73BC","Sweden",1984,,,,,,
"SWE_1984_BEST","Sweden",1984,,,,,,
"SWE_1984_SCS","Sweden",1984,,,,,,
"SWE_1985_73BC","Sweden",1985,,,,,,
"SWE_1985_BEST","Sweden",1985,,,,,,
"SWE_1985_MONICAgothenburg","Sweden",1985,,,,,,
"SWE_1985_SCS","Sweden",1985,,,,,,
"SWE_1986_73BC","Sweden",1986,,,,,,
"SWE_1986_MONICA","Sweden",1986,,,,,,
"SWE_1986_SCS","Sweden",1986,,,,,,
"SWE_1987_10752442","Sweden",1987,,,,,,
"SWE_1987_73BC","Sweden",1987,,,,,,
"SWE_1987_81BC","Sweden",1987,,,,,,
"SWE_1987_SCS","Sweden",1987,,,,,,
"SWE_1988_73BC","Sweden",1988,,,,,,
"SWE_1988_81BC","Sweden",1988,,,,,,
"SWE_1988_BEST","Sweden",1988,,,,,,
"SWE_1988_SCS","Sweden",1988,,,,,,
"SWE_1989_73BC","Sweden",1989,,,,,,
"SWE_1989_81BC","Sweden",1989,,,,,,
"SWE_1989_BEST","Sweden",1989,,,,,,
"SWE_1989_SCS","Sweden",1989,,,,,,
"SWE_1990_73BC","Sweden",1990,,,,,,
"SWE_1990_81BC","Sweden",1990,,,,,,
"SWE_1990_BEST","Sweden",1990,,,,,,
"SWE_1990_MONICA","Sweden",1990,,,,,,
"SWE_1990_MONICAgothenburg","Sweden",1990,"nonFU",,,,"nonFU",
"SWE_1990_SCS","Sweden",1990,,,,,,
"SWE_1991_10752442","Sweden",1991,,,,,,
"SWE_1991_73BC","Sweden",1991,,,,,,
"SWE_1991_81BC","Sweden",1991,,,,,,
"SWE_1991_SCS","Sweden",1991,,,,,,
"SWE_1992_73BC","Sweden",1992,,,,,,
"SWE_1992_81BC","Sweden",1992,,,,,,
"SWE_1992_EPICumea","Sweden",1992,,,,,,
"SWE_1992_SCS","Sweden",1992,,,,,,
"SWE_1993_81BC","Sweden",1993,,,,,,
"SWE_1993_BEST","Sweden",1993,,,,,,
"SWE_1993_PSWG","Sweden",1993,"nonFU",,,,"nonFU",
"SWE_1993_SCS","Sweden",1993,,,,,,
"SWE_1993_ULSAM","Sweden",1993,,,,,,
"SWE_1994_10752442","Sweden",1994,,,,,,
"SWE_1994_81BC","Sweden",1994,,,,,,
"SWE_1994_BEST","Sweden",1994,,,,,,
"SWE_1994_HP","Sweden",1994,,,,,,
"SWE_1994_MDC","Sweden",1994,,,,,,
"SWE_1994_MONICA","Sweden",1994,,,,,,
"SWE_1994_SCS","Sweden",1994,,,,,,
"SWE_1995_10752449","Sweden",1995,,,,,,
"SWE_1995_81BC","Sweden",1995,,,,,,
"SWE_1995_BEST","Sweden",1995,,,,,,
"SWE_1995_MONICAgothenburg","Sweden",1995,"nonFU",,,,"nonFU",
"SWE_1995_SCS","Sweden",1995,,,,,,
"SWE_1996_81BC","Sweden",1996,,,,,,
"SWE_1996_SCS","Sweden",1996,,,,,,
"SWE_1997_10752442","Sweden",1997,,,,,,
"SWE_1997_81BC","Sweden",1997,,,,,,
"SWE_1997_SCS","Sweden",1997,,,,,,
"SWE_1998_81BC","Sweden",1998,,,,,,
"SWE_1998_BEST","Sweden",1998,,,,,,
"SWE_1998_SCS","Sweden",1998,,,,,,
"SWE_1999_81BC-17yo","Sweden",1999,,,,,,
"SWE_1999_81BC-18yo","Sweden",1999,,,,,,
"SWE_1999_BEST","Sweden",1999,,,,,,
"SWE_1999_EYHS","Sweden",1999,,,,,,
"SWE_1999_MONICA","Sweden",1999,,,,,,
"SWE_1999_SCS","Sweden",1999,,,,,,
"SWE_1999_ULSAM","Sweden",1999,,,,,,
"SWE_2000_10752444","Sweden",2000,,,,,,
"SWE_2000_BEST","Sweden",2000,,,,,,
"SWE_2000_SCS","Sweden",2000,,,,,,
"SWE_2001_10752442","Sweden",2001,,,,,,
"SWE_2001_10752508","Sweden",2001,,,,,,
"SWE_2001_COMPASS","Sweden",2001,,,,,,
"SWE_2001_SCS","Sweden",2001,,,,,,
"SWE_2002_SCS","Sweden",2002,,,,,,
"SWE_2003_BEST","Sweden",2003,,,,,,
"SWE_2003_EMAS","Sweden",2003,"nonFU",,,,"nonFU",
"SWE_2003_INTERGENE","Sweden",2003,"nonFU",,,,"nonFU",
"SWE_2003_PIVUS","Sweden",2003,,,,,,
"SWE_2003_SCS","Sweden",2003,,,,,,
"SWE_2004_10752128","Sweden",2004,,,,,,
"SWE_2004_10752129","Sweden",2004,,,,,,
"SWE_2004_BEST","Sweden",2004,,,,,,
"SWE_2004_MONICA","Sweden",2004,,,,,,
"SWE_2004_SCS","Sweden",2004,,,,,,
"SWE_2004_ULSAM","Sweden",2004,,,,,,
"SWE_2005_BEST","Sweden",2005,,,,,,
"SWE_2005_EYHS","Sweden",2005,"nonFU",,,,"nonFU",
"SWE_2005_PSWG","Sweden",2005,"nonFU",,,,"nonFU",
"SWE_2005_SCS","Sweden",2005,,,,,,
"SWE_2006_10752508","Sweden",2006,,,,,,
"SWE_2007_BEST","Sweden",2007,,,,,,
"SWE_2007_HELENA","Sweden",2007,,,,,,
"SWE_2007_citEnglund","Sweden",2007,,,,,,
"SWE_2008_BEST","Sweden",2008,,,,,,
"SWE_2008_COSI1","Sweden",2008,,,,,,
"SWE_2008_EMAS","Sweden",2008,"FU","No","No",,"FU",
"SWE_2008_PIVUS","Sweden",2008,,,,,,
"SWE_2008_citEnglund","Sweden",2008,,,,,,
"SWE_2009_BEST","Sweden",2009,,,,,,
"SWE_2009_IDEFICS","Sweden",2009,,,,,,
"SWE_2009_MONICA","Sweden",2009,,,,,,
"SWE_2009_ULSAM","Sweden",2009,,,,,,
"SWE_2009_citEnglund","Sweden",2009,,,,,,
"SWE_2010_BEST","Sweden",2010,,,,,,
"SWE_2010_citEnglund","Sweden",2010,,,,,,
"SWE_2011_BEST","Sweden",2011,,,,,,
"SWE_2011_citEnglund","Sweden",2011,,,,,,
"SWE_2012_BEST","Sweden",2012,,,,,,
"SWE_2012_citEnglund","Sweden",2012,,,,,,
"SWE_2013_BEST","Sweden",2013,,,,,,
"SWE_2013_EpiHealth","Sweden",2013,,,,,,
"SWE_2013_PIVUS","Sweden",2013,,,,,,
"SWE_2013_citEnglund","Sweden",2013,,,,,,
"SWE_2014_BEST","Sweden",2014,,,,,,
"SWE_2014_MONICA","Sweden",2014,,,,,,
"SWE_2014_ULSAM","Sweden",2014,,,,,,
"SWE_2014_citEnglund","Sweden",2014,,,,,,
"SWE_2015_BEST","Sweden",2015,,,,,,
"SWE_2015_citEnglund","Sweden",2015,,,,,,
"SWE_2015_intergene13yrs","Sweden",2015,"FU","No","No",,"FU",
"SWE_2016_BEST","Sweden",2016,,,,,,
"SWE_2016_COSI4","Sweden",2016,,,,,,
"SWE_2016_citEnglund","Sweden",2016,,,,,,
"SWE_2017_PSWG","Sweden",2017,"nonFU",,,,"nonFU",
"SWE_2017_citEnglund","Sweden",2017,,,,,,
"SWE_2018_citEnglund","Sweden",2018,,,,,,
"SWE_2019_COSI5","Sweden",2019,,,,,,
"SWE_2019_citEnglund","Sweden",2019,,,,,,
"SWE_2020_citEnglund","Sweden",2020,,,,,,
"SWE_2021_citEnglund","Sweden",2021,,,,,,
"SWE_2022_COSI6","Sweden",2022,,,,,,
"SWE_2022_citEnglund","Sweden",2022,,,,,,
"SWE_2023_citEnglund","Sweden",2023,,,,,,
"SWE_2024_citEnglund","Sweden",2024,,,,,,
"SWZ_2007_DHS","Eswatini",2007,,,,,,
"SWZ_2014_STEPS","Eswatini",2014,"nonFU",,,,"nonFU",
"SWZ_2024_STEPS","Eswatini",2024,,"No",,,,
"SYC_1989_SHS","Seychelles",1989,,,,,,
"SYC_1994_SHS","Seychelles",1994,"nonFU",,,,"nonFU",
"SYC_1998_SSP","Seychelles",1998,,,,,,
"SYC_1999_SSP","Seychelles",1999,,,,,,
"SYC_2000_SSP","Seychelles",2000,,,,,,
"SYC_2001_SSP","Seychelles",2001,,,,,,
"SYC_2002_SSP","Seychelles",2002,,,,,,
"SYC_2003_SSP","Seychelles",2003,,,,,,
"SYC_2004_SHS","Seychelles",2004,"nonFU",,,,"nonFU",
"SYC_2004_SSP","Seychelles",2004,,,,,,
"SYC_2005_SSP","Seychelles",2005,,,,,,
"SYC_2006_SSP","Seychelles",2006,,,,,,
"SYC_2007_GSHS","Seychelles",2007,,,,,,
"SYC_2011_SSP","Seychelles",2011,,,,,,
"SYC_2012_SSP","Seychelles",2012,,,,,,
"SYC_2013_SSP","Seychelles",2013,,,,,,
"SYC_2014_SHS","Seychelles",2014,"nonFU",,"nonFU","nonFU","nonFU",
"SYC_2014_SSP","Seychelles",2014,,,,,,
"SYC_2015_GSHS","Seychelles",2015,,,,,,
"SYC_2015_SSP","Seychelles",2015,,,,,,
"SYC_2016_SSP","Seychelles",2016,,,,,,
"SYC_2017_SSP","Seychelles",2017,,,,,,
"SYC_2018_SSP","Seychelles",2018,,,,,,
"SYC_2019_SSP","Seychelles",2019,,,,,,
"SYC_2020_SSP","Seychelles",2020,,,,,,
"SYC_2022_SSP","Seychelles",2022,,,,,,
"SYC_2023_SHS","Seychelles",2023,,"No",,,,
"SYC_2023_SSP","Seychelles",2023,,,,,,
"SYR_2002_NSNCD","Syrian Arab Republic",2002,,,,,,
"TCD_1997_DHS","Chad",1997,,,,,,
"TCD_2004_DHS","Chad",2004,,,,,,
"TCD_2008_STEPS","Chad",2008,"nonFU",,,,"nonFU",
"TCD_2015_DHS","Chad",2015,,,,,,
"TGO_1998_DHS","Togo",1998,,,,,,
"TGO_2010_STEPS","Togo",2010,"nonFU",,,,"nonFU",
"TGO_2014_CT","Togo",2014,,,,,,
"TGO_2014_DHS","Togo",2014,,,,,,
"TGO_2022_STEPS","Togo",2022,"nonFU",,,,"nonFU",
"THA_1987_5764002","Thailand",1987,,,,,,
"THA_1989_5764003","Thailand",1989,,,,,,
"THA_1989_5764004","Thailand",1989,,,,,,
"THA_1991_NHES","Thailand",1991,,,,,,
"THA_1995_NNS","Thailand",1995,,,,,,
"THA_1997_NHES","Thailand",1997,"nonFU",,,,"nonFU",
"THA_2000_interASIA","Thailand",2000,"nonFU",,,,"nonFU",
"THA_2003_NNST","Thailand",2003,,,,,,
"THA_2003_Sociofitness_rural","Thailand",2003,,,,,,
"THA_2003_Sociofitness_urban","Thailand",2003,,,,,,
"THA_2004_NHES","Thailand",2004,"nonFU",,,,"nonFU",
"THA_2007_HCUR","Thailand",2007,"nonFU",,,,"nonFU",
"THA_2009_NHES","Thailand",2009,"nonFU",,,,"nonFU",
"THA_2011_SEANUTS","Thailand",2011,,,,,,
"THA_2014_NHES","Thailand",2014,"nonFU",,,,"nonFU",
"THA_2014_NHESVruralchild","Thailand",2014,,,,,,
"THA_2014_NHESVurbanchild","Thailand",2014,,,,,,
"THA_2014_UmeSIA","Thailand",2014,,,,,,
"THA_2015_GSHS","Thailand",2015,,,,,,
"THA_2020_NHES","Thailand",2020,"nonFU",,"nonFU","nonFU","nonFU",
"THA_2021_GSHS","Thailand",2021,,,,,,
"TJK_2003_MSS","Tajikistan",2003,,,,,,
"TJK_2012_DHS","Tajikistan",2012,,,,,,
"TJK_2016_COSI4","Tajikistan",2016,,,,,,
"TJK_2016_NMSST","Tajikistan",2016,,,,,,
"TJK_2016_STEPS","Tajikistan",2016,"nonFU",,,,"nonFU",
"TJK_2017_DHS","Tajikistan",2017,,,,,,
"TJK_2019_COSI5","Tajikistan",2019,,,,,,
"TJK_2023_STEPS","Tajikistan",2023,,"No",,,,
"TKL_2005_STEPS","Tokelau",2005,"nonFU",,,,"nonFU",
"TKL_2014_STEPS","Tokelau",2014,"nonFU",,,,"nonFU",
"TKM_2000_DHS","Turkmenistan",2000,,,,,,
"TKM_2013_STEPS","Turkmenistan",2013,"nonFU",,,,"nonFU",
"TKM_2016_COSI4","Turkmenistan",2016,,,,,,
"TKM_2018_STEPS","Turkmenistan",2018,"nonFU",,,,"nonFU",
"TLS_2010_DHS","Timor-Leste",2010,,,,,,
"TLS_2010_TLEHS","Timor-Leste",2010,,,,,,
"TLS_2013_RuralChild-harvest","Timor-Leste",2013,,,,,,
"TLS_2014_STEPS","Timor-Leste",2014,"nonFU",,,,"nonFU",
"TLS_2016_DHS","Timor-Leste",2016,,,,,,
"TLS_2018_RuralChild-harvest","Timor-Leste",2018,,,,,,
"TLS_2018_RuralChild-postrainy","Timor-Leste",2018,,,,,,
"TLS_2020_TLFNS","Timor-Leste",2020,,,,,,
"TLS_2023_STEPS","Timor-Leste",2023,,"No",,,,
"TON_2004_STEPS","Tonga",2004,"nonFU",,,,"nonFU",
"TON_2006_OPIC-MYP","Tonga",2006,,,,,,
"TON_2008_OPIC-MYP","Tonga",2008,"nonFU",,,,"nonFU",
"TON_2010_GSHS","Tonga",2010,,,,,,
"TON_2011_STEPS","Tonga",2011,"nonFU",,,,"nonFU",
"TON_2017_GSHS","Tonga",2017,,,,,,
"TON_2017_STEPS","Tonga",2017,"nonFU",,,,"nonFU",
"TTO_1985_INTERSALT","Trinidad and Tobago",1985,,,,,,
"TTO_1999_CHS","Trinidad and Tobago",1999,,,,,,
"TTO_2001_AdultSurvey","Trinidad and Tobago",2001,,,,,,
"TTO_2003_CHS","Trinidad and Tobago",2003,,,,,,
"TTO_2003_NSSSH","Trinidad and Tobago",2003,,,,,,
"TTO_2011_STEPS","Trinidad and Tobago",2011,"nonFU",,,,"nonFU",
"TTO_2014_NESTT","Trinidad and Tobago",2014,"nonFU",,,,"nonFU",
"TTO_2024_STEPS","Trinidad and Tobago",2024,,"No",,,,
"TUN_1997_AHP","Tunisia",1997,"nonFU",,,,"nonFU",
"TUN_1997_TNNS","Tunisia",1997,"nonFU",,,,"nonFU",
"TUN_2005_TAHINA","Tunisia",2005,"nonFU",,,,"nonFU",
"TUN_2005_citAounallah","Tunisia",2005,,,,,,
"TUN_2010_ObeMaghreb","Tunisia",2010,"nonFU",,,,"nonFU",
"TUR_1990_TARF","Türkiye",1990,,,,,,
"TUR_1993_DHS","Türkiye",1993,,,,,,
"TUR_1995_TARF","Türkiye",1995,,,,,,
"TUR_1998_DHS","Türkiye",1998,,,,,,
"TUR_1998_TARF","Türkiye",1998,"nonFU",,,,"nonFU",
"TUR_1999_15792018","Türkiye",1999,,,,,,
"TUR_2000_15792084","Türkiye",2000,,,,,,
"TUR_2000_TARF","Türkiye",2000,,,,,,
"TUR_2001_15792045","Türkiye",2001,,,,,,
"TUR_2001_15792055","Türkiye",2001,,,,,,
"TUR_2002_15792106","Türkiye",2002,,,,,,
"TUR_2002_TARF","Türkiye",2002,,"TUR_2000_TARF","Yes",,,
"TUR_2003_DHS","Türkiye",2003,,,,,,
"TUR_2003_PatenT","Türkiye",2003,,,,,,
"TUR_2004_NRCS","Türkiye",2004,,,,,,
"TUR_2004_TARF","Türkiye",2004,,,,,,
"TUR_2004_TRAB","Türkiye",2004,"nonFU",,,,"nonFU",
"TUR_2006_TARF","Türkiye",2006,,"TUR_2002_TARF","Yes",,,
"TUR_2007_NHS","Türkiye",2007,,,,,,
"TUR_2008_Balcova","Türkiye",2008,"nonFU",,,,"nonFU",
"TUR_2008_DHS","Türkiye",2008,,,,,,
"TUR_2008_TARF","Türkiye",2008,,"TUR_2006_TARF","Yes",,,
"TUR_2010_TARF","Türkiye",2010,,"TUR_2008_TARF","Yes",,,
"TUR_2011_CDRFS","Türkiye",2011,,,,,,
"TUR_2011_TRAB","Türkiye",2011,"nonFU",,,,"nonFU",
"TUR_2013_COSI3","Türkiye",2013,,,,,,
"TUR_2013_DHS","Türkiye",2013,,,,,,
"TUR_2013_TARF","Türkiye",2013,"nonFU",,"nonFU","nonFU",,
"TUR_2015_TARF","Türkiye",2015,,,,,,
"TUR_2016_COSI4","Türkiye",2016,,,,,,
"TUR_2017_Erasmus","Türkiye",2017,,,,,,
"TUR_2017_STEPS","Türkiye",2017,"nonFU",,,,"nonFU",
"TUR_2018_DHS","Türkiye",2018,,,,,,
"TUR_2018_Erasmus","Türkiye",2018,,,,,,
"TUR_2023_STEPS","Türkiye",2023,,"No",,,,
"TUV_2013_GSHS","Tuvalu",2013,,,,,,
"TUV_2015_STEPS","Tuvalu",2015,"nonFU",,,,"nonFU",
"TWN_1985_INTERSALT","Taiwan",1985,,,,,,
"TWN_1990_3158080","Taiwan",1990,,,,,,
"TWN_1994_APCSC-KINDS","Taiwan",1994,,,,,,
"TWN_1995_NAHSIT","Taiwan",1995,"nonFU",,,,"nonFU",
"TWN_2000_NAHSIT","Taiwan",2000,,,,,,
"TWN_2000_SEBAS","Taiwan",2000,"nonFU",,"nonFU","nonFU","nonFU",
"TWN_2002_NAHSIT","Taiwan",2002,,,,,,
"TWN_2005_3158091","Taiwan",2005,,,,,,
"TWN_2006_SEBAS","Taiwan",2006,"FU_w_refreshers","TWN_2000_SEBAS","Yes","FU_w_refreshers","FU_w_refreshers",
"TWN_2007_NAHSIT","Taiwan",2007,"nonFU",,,,"nonFU",
"TWN_2007_TSHHH","Taiwan",2007,,,,,,
"TWN_2010_NAHSIT","Taiwan",2010,,,,,,
"TWN_2011_NAHSIT","Taiwan",2011,,,,,,
"TWN_2012_GSHS","Taiwan",2012,,,,,,
"TWN_2012_NAHSIT","Taiwan",2012,,,,,,
"TWN_2015_NAHSIT","Taiwan",2015,"nonFU",,,,"nonFU",
"TWN_2019_GSHS","Taiwan",2019,,,,,,
"TWN_2019_NAHSIT","Taiwan",2019,,"No",,,,
"TZA_1992_DHS","Tanzania",1992,,,,,,
"TZA_1996_DHS","Tanzania",1996,,,,,,
"TZA_1997_19834011","Tanzania",1997,,,,,,
"TZA_1997_19834018","Tanzania",1997,,,,,,
"TZA_1999_citBovet","Tanzania",1999,,,,,,
"TZA_2005_DHS","Tanzania",2005,,,,,,
"TZA_2009_Ilembula","Tanzania",2009,,,,,,
"TZA_2009_TZNPS","Tanzania",2009,,,,,,
"TZA_2010_DHS","Tanzania",2010,,,,,,
"TZA_2011_STEPS","Tanzania",2011,"nonFU",,,,"nonFU",
"TZA_2011_TZNPS","Tanzania",2011,,,,,,
"TZA_2012_STEPS","Tanzania",2012,"nonFU",,,,"nonFU",
"TZA_2013_TZNPS","Tanzania",2013,,,,,,
"TZA_2014_DUCS","Tanzania",2014,,,,,,
"TZA_2015_TZNPS","Tanzania",2015,,,,,,
"TZA_2016_DHS","Tanzania",2016,,,,,,
"TZA_2017_ARISEDo","Tanzania",2017,,,,,,
"TZA_2019_TZENPS","Tanzania",2019,,,,,,
"TZA_2021_TZNPS","Tanzania",2021,,,,,,
"TZA_2022_DHS","Tanzania",2022,,,,,,
"TZA_2023_STEPS","Tanzania",2023,,"No",,,,
"UGA_1995_DHS","Uganda",1995,,,,,,
"UGA_2001_DHS","Uganda",2001,,,,,,
"UGA_2006_DHS","Uganda",2006,,,,,,
"UGA_2011_DHS","Uganda",2011,,,,,,
"UGA_2012_Buikwe","Uganda",2012,"nonFU",,,,"nonFU",
"UGA_2012_Gulu","Uganda",2012,"nonFU",,,,"nonFU",
"UGA_2012_NCDS","Uganda",2012,,,,,,
"UGA_2014_STEPS","Uganda",2014,"nonFU",,,,"nonFU",
"UGA_2015_Gulu","Uganda",2015,"nonFU",,,,"nonFU",
"UGA_2015_HopeNet","Uganda",2015,,"No",,,,
"UGA_2016_DHS","Uganda",2016,,,,,,
"UGA_2017_HopeNet","Uganda",2017,,"UGA_2015_HopeNet",,,,
"UGA_2018_UNPS","Uganda",2018,,,,,,
"UGA_2019_HopeNet","Uganda",2019,,"UGA_2015_HopeNet",,,,
"UGA_2019_SPICES","Uganda",2019,"nonFU",,,,"nonFU",
"UGA_2023_EKHIV","Uganda",2023,,,,,,
"UGA_2023_STEPS","Uganda",2023,"nonFU",,,,"nonFU",
"UKR_2002_NMNS","Ukraine",2002,,,,,,
"UKR_2007_PDSCU","Ukraine",2007,,,,,,
"UKR_2008_PDSCU","Ukraine",2008,,,,,,
"UKR_2012_Ternopil","Ukraine",2012,,,,,,
"UKR_2014_citDeren","Ukraine",2014,,,,,,
"UKR_2018_POUCA","Ukraine",2018,,,,,,
"UKR_2019_PDCK","Ukraine",2019,,,,,,
"UKR_2019_POUCA","Ukraine",2019,,,,,,
"UKR_2019_STEPS","Ukraine",2019,"nonFU",,,,"nonFU",
"UKR_2024_COSI6","Ukraine",2024,,,,,,
"URY_2000_SABE","Uruguay",2000,"nonFU",,,,"nonFU",
"URY_2004_CUiiDARTEp2","Uruguay",2004,,,,,,
"URY_2005_CUiiDARTEp2","Uruguay",2005,,,,,,
"URY_2006_STEPS","Uruguay",2006,"nonFU",,,,"nonFU",
"URY_2009_CUiiDARTEp2","Uruguay",2009,,,,,,
"URY_2012_CESCAS","Uruguay",2012,"nonFU",,,,"nonFU",
"URY_2012_GSHS","Uruguay",2012,,,,,,
"URY_2013_STEPS","Uruguay",2013,"nonFU",,,,"nonFU",
"URY_2014_GEFA","Uruguay",2014,"nonFU",,,,"nonFU",
"URY_2015_CUiiDARTEp2","Uruguay",2015,,,,,,
"URY_2016_CUiiDARTEp3","Uruguay",2016,,,,,,
"URY_2016_SNCDH","Uruguay",2016,,,,,,
"URY_2018_ANEP","Uruguay",2018,,,,,,
"URY_2019_GSHS","Uruguay",2019,,,,,,
"URY_2019_SNCDH","Uruguay",2019,,,,,,
"USA_1978_NHANES","United States of America",1978,,,,,,
"USA_1980_MONICA-STAa","United States of America",1980,,,,,,
"USA_1981_MHS","United States of America",1981,,,,,,
"USA_1982_BHS","United States of America",1982,,,,,,
"USA_1984_BHS","United States of America",1984,,,,,,
"USA_1986_CARDIA","United States of America",1986,,,,,,
"USA_1986_INTERSALT-Chicago","United States of America",1986,,,,,,
"USA_1986_INTERSALT-Goodman","United States of America",1986,,,,,,
"USA_1986_MHS","United States of America",1986,,,,,,
"USA_1986_MONICA-STAa","United States of America",1986,,,,,,
"USA_1988_ARIC","United States of America",1988,,,,,,
"USA_1988_BHS","United States of America",1988,,,,,,
"USA_1988_CARDIA","United States of America",1988,,,,,,
"USA_1990_CHS","United States of America",1990,,,,,,
"USA_1990_MONICA-STAa","United States of America",1990,,,,,,
"USA_1991_ARIC","United States of America",1991,,,,,,
"USA_1991_CARDIA","United States of America",1991,"nonFU",,,,"nonFU",
"USA_1991_CHS","United States of America",1991,,,,,,
"USA_1991_NHANES","United States of America",1991,"nonFU",,,,"nonFU",
"USA_1992_CHS","United States of America",1992,,,,,,
"USA_1993_BHS","United States of America",1993,,,,,,
"USA_1993_CARDIA","United States of America",1993,,,,,,
"USA_1993_CHS","United States of America",1993,,,,,,
"USA_1994_ARIC","United States of America",1994,,,,,,
"USA_1994_CHS","United States of America",1994,,,,,,
"USA_1995_CHS","United States of America",1995,,,,,,
"USA_1996_AddHealth","United States of America",1996,,,,,,
"USA_1996_CARDIA","United States of America",1996,,,,,,
"USA_1996_CHS","United States of America",1996,,,,,,
"USA_1996_WHI","United States of America",1996,"nonFU",,,,"nonFU",
"USA_1997_ARIC","United States of America",1997,,,,,,
"USA_1997_CHS","United States of America",1997,,,,,,
"USA_1997_INTERMAP-Baltimore","United States of America",1997,,,,,,
"USA_1997_INTERMAP-Chicago","United States of America",1997,,,,,,
"USA_1997_INTERMAP-CorpusChristi","United States of America",1997,,,,,,
"USA_1997_INTERMAP-Jackson","United States of America",1997,,,,,,
"USA_1997_INTERMAP-Minneapolis","United States of America",1997,,,,,,
"USA_1997_INTERMAP-Pittsburgh","United States of America",1997,,,,,,
"USA_1997_SWAN","United States of America",1997,"nonFU",,,,"nonFU",
"USA_1998_CHS","United States of America",1998,,,,,,
"USA_1998_SWAN","United States of America",1998,"nonFU",,,,"nonFU",
"USA_1999_CARDIAC5","United States of America",1999,,,,,,
"USA_1999_CHS","United States of America",1999,,,,,,
"USA_1999_ECLS","United States of America",1999,,,,,,
"USA_1999_SWAN","United States of America",1999,"nonFU",,,,"nonFU",
"USA_2000_CARDIAC5","United States of America",2000,,,,,,
"USA_2000_ECLS","United States of America",2000,,,,,,
"USA_2000_NHANES","United States of America",2000,"nonFU",,"nonFU","nonFU","nonFU",
"USA_2000_SWAN","United States of America",2000,,,,,,
"USA_2001_CARDIA","United States of America",2001,,,,,,
"USA_2001_CARDIAC5","United States of America",2001,,,,,,
"USA_2001_SWAN","United States of America",2001,,"USA_2000_SWAN","No",,,
"USA_2002_AddHealth","United States of America",2002,,,,,,
"USA_2002_CARDIAC5","United States of America",2002,,,,,,
"USA_2002_ECLS","United States of America",2002,,,,,,
"USA_2002_NHANES","United States of America",2002,"nonFU",,"nonFU","nonFU","nonFU",
"USA_2003_CARDIAC5","United States of America",2003,,,,,,
"USA_2004_CARDIAC5","United States of America",2004,,,,,,
"USA_2004_ECLS","United States of America",2004,,,,,,
"USA_2004_HRS","United States of America",2004,,,,,,
"USA_2004_NHANES","United States of America",2004,"nonFU",,"nonFU","nonFU","nonFU",
"USA_2004_NYCHANES","United States of America",2004,,"No",,,,
"USA_2005_CARDIAC2","United States of America",2005,,,,,,
"USA_2005_CARDIAC5","United States of America",2005,,,,,,
"USA_2006_CARDIA","United States of America",2006,"FU","No","No",,"FU",
"USA_2006_CARDIAC2","United States of America",2006,,,,,,
"USA_2006_CARDIAC5","United States of America",2006,,,,,,
"USA_2006_CHS","United States of America",2006,,,,,,
"USA_2006_HRS","United States of America",2006,"nonFU",,,,"nonFU",
"USA_2006_NHANES","United States of America",2006,"nonFU",,"nonFU","nonFU","nonFU",
"USA_2006_NSHAP","United States of America",2006,"nonFU",,,,"nonFU",
"USA_2007_CARDIAC2","United States of America",2007,,,,,,
"USA_2007_CARDIAC5","United States of America",2007,,,,,,
"USA_2007_ECLS","United States of America",2007,,,,,,
"USA_2008_CARDIAC2","United States of America",2008,,,,,,
"USA_2008_CARDIAC5","United States of America",2008,,,,,,
"USA_2008_HRS","United States of America",2008,,,,,,
"USA_2008_NHANES","United States of America",2008,"nonFU",,"nonFU","nonFU","nonFU",
"USA_2009_AddHealth","United States of America",2009,,,,,,
"USA_2009_CARDIAC2","United States of America",2009,,,,,,
"USA_2009_CARDIAC5","United States of America",2009,,,,,,
"USA_2010_CARDIAC2","United States of America",2010,,,,,,
"USA_2010_CARDIAC5","United States of America",2010,,,,,,
"USA_2010_ECLS","United States of America",2010,,,,,,
"USA_2010_NHANES","United States of America",2010,"nonFU",,"nonFU","nonFU","nonFU",
"USA_2011_CARDIA","United States of America",2011,"FU","No","No",,"FU",
"USA_2011_CARDIAC2","United States of America",2011,,,,,,
"USA_2011_CARDIAC5","United States of America",2011,,,,,,
"USA_2011_ECLSfall","United States of America",2011,,,,,,
"USA_2011_ECLSspring","United States of America",2011,,,,,,
"USA_2011_HRS","United States of America",2011,,,,,,
"USA_2011_NSHAP","United States of America",2011,"FU_w_refreshers","Yes","Yes",,"FU_w_refreshers",
"USA_2012_ARIC","United States of America",2012,"nonFU",,"nonFU","nonFU",,
"USA_2012_CARDIAC2","United States of America",2012,,,,,,
"USA_2012_CARDIAC5","United States of America",2012,,,,,,
"USA_2012_ECLSfall","United States of America",2012,,,,,,
"USA_2012_ECLSspring","United States of America",2012,,,,,,
"USA_2012_HRS","United States of America",2012,,,,,,
"USA_2012_ISCOLE","United States of America",2012,,,,,,
"USA_2012_NHANES","United States of America",2012,"nonFU",,"nonFU","nonFU","nonFU",
"USA_2013_CARDIAC2","United States of America",2013,,,,,,
"USA_2013_CARDIAC5","United States of America",2013,,,,,,
"USA_2013_ECLSspring","United States of America",2013,,,,,,
"USA_2014_CARDIAC2","United States of America",2014,,,,,,
"USA_2014_CARDIAC5","United States of America",2014,,,,,,
"USA_2014_ECLSspring","United States of America",2014,,,,,,
"USA_2014_HRS","United States of America",2014,,,,,,
"USA_2014_NHANES","United States of America",2014,"nonFU",,"nonFU","nonFU","nonFU",
"USA_2015_ECLSspring","United States of America",2015,,,,,,
"USA_2016_ECLSspring","United States of America",2016,,,,,,
"USA_2016_NHANES","United States of America",2016,"nonFU",,"nonFU","nonFU","nonFU",
"USA_2016_NSHAP","United States of America",2016,"FU_w_refreshers","Yes","Yes",,"FU_w_refreshers",
"USA_2017_ARIC","United States of America",2017,,,,,,
"USA_2017_HRS","United States of America",2017,,,,,,
"USA_2018_NHANES","United States of America",2018,"nonFU",,"nonFU","nonFU","nonFU",
"USA_2019_ARIC","United States of America",2019,,,,,,
"USA_2019_HRS","United States of America",2019,,,,,,
"USA_2019_NHANES","United States of America",2019,"nonFU",,"nonFU","nonFU","nonFU",
"USA_2022_NHANES","United States of America",2022,,"No",,,,
"UZB_1996_DHS","Uzbekistan",1996,,,,,,
"UZB_2002_DHS","Uzbekistan",2002,,,,,,
"UZB_2014_STEPS","Uzbekistan",2014,"nonFU",,,,"nonFU",
"UZB_2016_DiabScreening","Uzbekistan",2016,"nonFU",,,,"nonFU",
"UZB_2017_UNS","Uzbekistan",2017,,,,,,
"UZB_2019_STEPS","Uzbekistan",2019,"nonFU",,,,"nonFU",
"UZB_2022_COSI6","Uzbekistan",2022,,,,,,
"VCT_2014_STEPS","Saint Vincent and the Grenadines",2014,"nonFU",,,,"nonFU",
"VCT_2018_GSHS","Saint Vincent and the Grenadines",2018,,,,,,
"VEN_2000_12862030","Venezuela",2000,,,,,,
"VEN_2000_12862039","Venezuela",2000,,,,,,
"VEN_2000_MAS","Venezuela",2000,,,,,,
"VEN_2005_CARMELA","Venezuela",2005,,,,,,
"VEN_2006_citBrajkovich","Venezuela",2006,,,,,,
"VEN_2008_VEMSOLS","Venezuela",2008,,,,,,
"VEN_2009_VEMSOLS","Venezuela",2009,,,,,,
"VEN_2011_CREDEFAR","Venezuela",2011,,,,,,
"VEN_2011_VEMSOLS","Venezuela",2011,,,,,,
"VEN_2015_ELANS","Venezuela",2015,"nonFU",,,,"nonFU",
"VEN_2016_EVESCAM","Venezuela",2016,"nonFU",,,,"nonFU",
"VEN_2016_MAS","Venezuela",2016,"nonFU",,"nonFU","nonFU","nonFU",
"VEN_2019_EVESCAM","Venezuela",2019,"nonFU",,,,"nonFU",
"VNM_1983_5704050","Viet Nam",1983,,,,,,
"VNM_1988_GNS","Viet Nam",1988,,,,,,
"VNM_1993_LSS","Viet Nam",1993,,,,,,
"VNM_1998_LSS","Viet Nam",1998,,,,,,
"VNM_2000_NNS","Viet Nam",2000,,,,,,
"VNM_2002_NESHN","Viet Nam",2002,"nonFU",,,,"nonFU",
"VNM_2002_VNHS","Viet Nam",2002,,,,,,
"VNM_2004_5704035","Viet Nam",2004,,,,,,
"VNM_2004_HF-S","Viet Nam",2004,"nonFU",,,,"nonFU",
"VNM_2004_HMP-Hanoi","Viet Nam",2004,"nonFU",,,,"nonFU",
"VNM_2005_5704037","Viet Nam",2005,,,,,,
"VNM_2005_NAOS","Viet Nam",2005,,,,,,
"VNM_2005_NCDS","Viet Nam",2005,"nonFU",,,,"nonFU",
"VNM_2005_STEPShcm","Viet Nam",2005,,,,,,
"VNM_2006_HMP-Bavi","Viet Nam",2006,"nonFU",,,,"nonFU",
"VNM_2006_NSLVA-rural","Viet Nam",2006,,,,,,
"VNM_2006_NSLVA-urban","Viet Nam",2006,,,,,,
"VNM_2007_HMP-PP","Viet Nam",2007,"nonFU",,,,"nonFU",
"VNM_2007_NESHS","Viet Nam",2007,"nonFU",,,,"nonFU",
"VNM_2009_DM-S","Viet Nam",2009,"nonFU",,"nonFU","nonFU","nonFU",
"VNM_2009_HMP-PC","Viet Nam",2009,"nonFU",,,,"nonFU",
"VNM_2009_STEPS","Viet Nam",2009,"nonFU",,,,"nonFU",
"VNM_2010_NNS","Viet Nam",2010,,,,,,
"VNM_2011_SEANUTS","Viet Nam",2011,,,,,,
"VNM_2012_NSDV","Viet Nam",2012,"nonFU",,,,"nonFU",
"VNM_2013_GSHS","Viet Nam",2013,,,,,,
"VNM_2015_STEPS","Viet Nam",2015,"nonFU",,,,"nonFU",
"VNM_2019_GSHS","Viet Nam",2019,,,,,,
"VNM_2021_STEPS","Viet Nam",2021,"nonFU",,,,"nonFU",
"VUT_1996_SNNS","Vanuatu",1996,,,,,,
"VUT_1998_VNCDS","Vanuatu",1998,,,,,,
"VUT_2005_STEPS","Vanuatu",2005,"nonFU",,,,"nonFU",
"VUT_2011_STEPS","Vanuatu",2011,"nonFU",,,,"nonFU",
"WSM_1981_citMcGARVEY","Samoa",1981,,,,,,
"WSM_1991_Baker_rural","Samoa",1991,"nonFU",,,,"nonFU",
"WSM_1991_Baker_urban","Samoa",1991,"nonFU",,,,"nonFU",
"WSM_1991_citMcGARVEY","Samoa",1991,,,,,,
"WSM_1993_citMcGARVEY","Samoa",1993,,,,,,
"WSM_1995_citMcGARVEY","Samoa",1995,"nonFU",,,,"nonFU",
"WSM_2002_STEPS","Samoa",2002,"nonFU",,,,"nonFU",
"WSM_2010_GWAS","Samoa",2010,"nonFU",,,,"nonFU",
"WSM_2013_STEPS","Samoa",2013,"nonFU",,,,"nonFU",
"WSM_2019_MICS6","Samoa",2019,,,,,,
"YEM_1997_DHS","Yemen",1997,,,,,,
"YEM_2006_YHBS","Yemen",2006,,,,,,
"YEM_2008_HYDY-rural","Yemen",2008,"nonFU",,,,"nonFU",
"YEM_2008_HYDY-urban","Yemen",2008,"nonFU",,,,"nonFU",
"YEM_2013_DHS","Yemen",2013,,,,,,
"ZAF_1989_20710010","South Africa",1989,,,,,,
"ZAF_1990_20710011","South Africa",1990,,,,,,
"ZAF_1996_20710010","South Africa",1996,,,,,,
"ZAF_1996_ELS","South Africa",1996,,,,,,
"ZAF_1997_ELS","South Africa",1997,,,,,,
"ZAF_1998_DHS","South Africa",1998,"nonFU",,,,"nonFU",
"ZAF_1998_ELS","South Africa",1998,,,,,,
"ZAF_1999_ELS","South Africa",1999,,,,,,
"ZAF_2000_ELS","South Africa",2000,,,,,,
"ZAF_2001_ELS","South Africa",2001,,,,,,
"ZAF_2001_THUSA","South Africa",2001,,,,,,
"ZAF_2002_ELS","South Africa",2002,,,,,,
"ZAF_2002_NYRBS","South Africa",2002,,,,,,
"ZAF_2003_20710017","South Africa",2003,,,,,,
"ZAF_2003_DHS","South Africa",2003,"nonFU",,,,"nonFU",
"ZAF_2003_ELS","South Africa",2003,,,,,,
"ZAF_2004_NCD","South Africa",2004,,,,,,
"ZAF_2005_20710015","South Africa",2005,,,,,,
"ZAF_2008_NIDS","South Africa",2008,"nonFU",,,,"nonFU",
"ZAF_2008_NYRBS","South Africa",2008,,,,,,
"ZAF_2008_SAGE","South Africa",2008,"nonFU",,,,"nonFU",
"ZAF_2008_SAL","South Africa",2008,,,,,,
"ZAF_2009_BSCS","South Africa",2009,"nonFU",,"nonFU","nonFU","nonFU",
"ZAF_2010_NCD","South Africa",2010,,,,,,
"ZAF_2011_NIDS","South Africa",2011,"nonFU",,,,"nonFU",
"ZAF_2012_ISCOLE","South Africa",2012,,,,,,
"ZAF_2012_NIDS","South Africa",2012,"nonFU",,,,"nonFU",
"ZAF_2012_SANHANES","South Africa",2012,"nonFU",,,,"nonFU",
"ZAF_2015_HAALSI","South Africa",2015,"nonFU",,,,"nonFU",
"ZAF_2015_NIDS","South Africa",2015,"nonFU",,,,"nonFU",
"ZAF_2016_DHS","South Africa",2016,"nonFU",,,,"nonFU",
"ZAF_2017_NIDS","South Africa",2017,"nonFU",,,,"nonFU",
"ZAF_2018_ExAMIN","South Africa",2018,,,,,,
"ZAF_2019_Vukuzazi","South Africa",2019,"nonFU",,,,"nonFU",
"ZMB_1992_DHS","Zambia",1992,,,,,,
"ZMB_1996_DHS","Zambia",1996,,,,,,
"ZMB_2002_DHS","Zambia",2002,,,,,,
"ZMB_2007_DHS","Zambia",2007,,,,,,
"ZMB_2008_STEPS","Zambia",2008,"nonFU",,,,"nonFU",
"ZMB_2014_DHS","Zambia",2014,,,,,,
"ZMB_2017_STEPS","Zambia",2017,"nonFU",,,,"nonFU",
"ZWE_1986_INTERSALT","Zimbabwe",1986,,,,,,
"ZWE_1991_20716012","Zimbabwe",1991,,,,,,
"ZWE_1994_DHS","Zimbabwe",1994,,,,,,
"ZWE_1995_20716008","Zimbabwe",1995,,,,,,
"ZWE_1999_DHS","Zimbabwe",1999,,,,,,
"ZWE_2005_STEPS","Zimbabwe",2005,,,,,,
"ZWE_2006_DHS","Zimbabwe",2006,,,,,,
"ZWE_2011_DHS","Zimbabwe",2011,,,,,,
"ZWE_2015_DHS","Zimbabwe",2015,,,,,,
"ZWE_2022_CHIEDZA","Zimbabwe",2022,,,,,,
